datetime,humid_int
2025-10-26 02:00:00+02:00,54.57
2025-10-26 02:07:08.655782+02:00,54.48
2025-10-26 02:22:08.906393+02:00,54.37
2025-10-26 02:42:09.199497+02:00,54.27
2025-10-26 02:57:09.407167+02:00,54.17
2025-10-26 02:17:09.683300+01:00,54.07
2025-10-26 02:27:09.847280+01:00,53.97
2025-10-26 02:37:10.025870+01:00,53.87
2025-10-26 02:42:10.125707+01:00,53.77
2025-10-26 02:52:10.278311+01:00,53.67
2025-10-26 02:57:10.356720+01:00,53.57
2025-10-26 03:07:10.529008+01:00,53.47
2025-10-26 03:17:10.656099+01:00,53.36
2025-10-26 03:27:10.821775+01:00,53.27
2025-10-26 03:37:10.985027+01:00,53.16
2025-10-26 03:47:11.118394+01:00,53.07
2025-10-26 03:57:11.258947+01:00,52.97
2025-10-26 04:02:11.331587+01:00,52.86
2025-10-26 04:12:11.502049+01:00,52.77
2025-10-26 04:22:11.625893+01:00,52.66
2025-10-26 04:27:11.704068+01:00,52.57
2025-10-26 04:47:12.027032+01:00,52.46
2025-10-26 04:57:12.201158+01:00,52.36
2025-10-26 05:17:12.516116+01:00,52.26
2025-10-26 05:32:12.695127+01:00,52.16
2025-10-26 05:37:12.792646+01:00,52.26
2025-10-26 05:52:13.072789+01:00,52.16
2025-10-26 05:57:13.149376+01:00,52.26
2025-10-26 06:12:13.353019+01:00,52.16
2025-10-26 06:27:13.606492+01:00,52.06
2025-10-26 06:42:13.823105+01:00,52.16
2025-10-26 06:51:08.037590+01:00,51.06
2025-10-26 06:56:08.155277+01:00,51.96
2025-10-26 07:01:08.235046+01:00,52.06
2025-10-26 07:06:08.298012+01:00,51.96
2025-10-26 07:11:08.376923+01:00,51.76
2025-10-26 07:16:08.436775+01:00,51.66
2025-10-26 07:31:08.698872+01:00,51.56
2025-10-26 07:41:08.840675+01:00,51.46
2025-10-26 07:51:08.948950+01:00,51.36
2025-10-26 08:06:09.164459+01:00,51.26
2025-10-26 08:21:09.358810+01:00,51.16
2025-10-26 08:36:09.606869+01:00,51.06
2025-10-26 09:11:10.182993+01:00,50.95
2025-10-26 09:56:10.895754+01:00,51.06
2025-10-26 10:41:11.621840+01:00,51.16
2025-10-26 10:46:11.694992+01:00,51.06
2025-10-26 10:56:11.867150+01:00,51.16
2025-10-26 11:51:12.751125+01:00,51.36
2025-10-26 11:56:12.830350+01:00,51.26
2025-10-26 12:06:12.962455+01:00,51.06
2025-10-26 12:11:13.015956+01:00,50.95
2025-10-26 12:16:13.115888+01:00,50.86
2025-10-26 12:21:13.180307+01:00,51.06
2025-10-26 12:26:13.280377+01:00,51.46
2025-10-26 12:28:15.706367+01:00,52.57
2025-10-26 12:30:16.155464+01:00,53.67
2025-10-26 12:35:16.241989+01:00,54.57
2025-10-26 12:39:48.355054+01:00,55.58
2025-10-26 12:44:48.432790+01:00,55.68
2025-10-26 12:49:48.478934+01:00,55.48
2025-10-26 12:54:48.589427+01:00,55.38
2025-10-26 12:59:48.671786+01:00,55.18
2025-10-26 13:04:48.757223+01:00,54.87
2025-10-26 13:09:48.810297+01:00,54.57
2025-10-26 13:14:48.886856+01:00,54.27
2025-10-26 13:19:48.978000+01:00,54.07
2025-10-26 13:24:49.046348+01:00,53.87
2025-10-26 13:29:49.105738+01:00,53.57
2025-10-26 13:34:49.195516+01:00,53.47
2025-10-26 13:39:49.247231+01:00,53.27
2025-10-26 13:44:49.306697+01:00,53.07
2025-10-26 13:49:49.353745+01:00,52.86
2025-10-26 13:54:49.429390+01:00,52.66
2025-10-26 13:59:49.501303+01:00,52.57
2025-10-26 14:04:49.546921+01:00,52.46
2025-10-26 14:09:49.656561+01:00,52.36
2025-10-26 14:14:49.737832+01:00,52.26
2025-10-26 14:19:49.814636+01:00,52.16
2025-10-26 14:24:49.903744+01:00,52.06
2025-10-26 14:29:49.976440+01:00,51.86
2025-10-26 14:39:50.120595+01:00,51.66
2025-10-26 14:44:50.186635+01:00,51.56
2025-10-26 14:49:50.254931+01:00,51.46
2025-10-26 14:54:50.354643+01:00,51.36
2025-10-26 14:59:50.442980+01:00,51.16
2025-10-26 15:04:50.511572+01:00,51.06
2025-10-26 15:09:50.552831+01:00,50.86
2025-10-26 15:14:50.635028+01:00,50.75
2025-10-26 15:19:50.720982+01:00,50.65
2025-10-26 15:24:50.799224+01:00,50.45
2025-10-26 15:29:50.881642+01:00,50.35
2025-10-26 15:34:50.961196+01:00,50.25
2025-10-26 15:39:51.021764+01:00,50.15
2025-10-26 15:44:51.099465+01:00,50.05
2025-10-26 15:49:51.183342+01:00,49.95
2025-10-26 15:54:51.253602+01:00,49.75
2025-10-26 15:59:51.351783+01:00,49.65
2025-10-26 16:09:51.528922+01:00,49.45
2025-10-26 16:14:51.596148+01:00,49.35
2025-10-26 16:24:51.753295+01:00,49.25
2025-10-26 16:34:51.923647+01:00,49.15
2025-10-26 16:44:52.088785+01:00,49.04
2025-10-26 16:49:52.202280+01:00,48.95
2025-10-26 16:54:52.280417+01:00,48.84
2025-10-26 16:59:52.366049+01:00,48.74
2025-10-26 17:19:52.725318+01:00,48.64
2025-10-26 17:29:52.870865+01:00,48.54
2025-10-26 17:34:52.931732+01:00,48.64
2025-10-26 17:39:53.004934+01:00,48.54
2025-10-26 17:54:53.186678+01:00,48.64
2025-10-26 17:59:53.262975+01:00,48.54
2025-10-26 18:04:53.367562+01:00,48.57
2025-10-26 18:09:53.426920+01:00,48.54
2025-10-26 18:14:53.530633+01:00,48.57
2025-10-26 18:19:53.614474+01:00,48.54
2025-10-26 18:24:53.704720+01:00,48.57
2025-10-26 18:29:53.784949+01:00,48.67
2025-10-26 19:04:54.342832+01:00,48.77
2025-10-26 19:19:54.563273+01:00,48.87
2025-10-26 19:34:54.834366+01:00,48.97
2025-10-26 19:44:55.016462+01:00,49.07
2025-10-26 19:49:55.080190+01:00,48.97
2025-10-26 19:54:55.161080+01:00,48.95
2025-10-26 19:59:55.240841+01:00,49.04
2025-10-26 20:09:55.430058+01:00,49.15
2025-10-26 20:34:55.729370+01:00,49.35
2025-10-26 20:44:55.936252+01:00,49.45
2025-10-26 20:49:55.998559+01:00,49.55
2025-10-26 20:54:56.087815+01:00,49.65
2025-10-26 20:59:56.152878+01:00,49.75
2025-10-26 21:04:56.216258+01:00,49.93
2025-10-26 21:09:56.300273+01:00,50.53
2025-10-26 21:14:56.349844+01:00,50.43
2025-10-26 21:19:56.433172+01:00,50.35
2025-10-26 21:39:56.766939+01:00,50.25
2025-10-26 22:14:57.180005+01:00,50.15
2025-10-26 22:34:57.544911+01:00,50.25
2025-10-26 22:54:57.819382+01:00,50.35
2025-10-26 23:04:57.966972+01:00,50.45
2025-10-26 23:14:58.156936+01:00,50.55
2025-10-26 23:19:58.214763+01:00,50.65
2025-10-26 23:24:58.283891+01:00,50.75
2025-10-26 23:29:58.369984+01:00,50.86
2025-10-26 23:34:58.448554+01:00,50.95
2025-10-26 23:39:58.537431+01:00,51.16
2025-10-26 23:49:58.714985+01:00,51.26
2025-10-26 23:54:58.763614+01:00,51.36
2025-10-27 00:04:58.922783+01:00,51.46
2025-10-27 00:14:59.089927+01:00,51.56
2025-10-27 00:19:59.163290+01:00,51.66
2025-10-27 00:24:59.260462+01:00,51.76
2025-10-27 00:29:59.344415+01:00,51.86
2025-10-27 00:34:59.403599+01:00,51.96
2025-10-27 00:39:59.477772+01:00,52.06
2025-10-27 00:44:59.519405+01:00,52.16
2025-10-27 00:49:59.576271+01:00,52.26
2025-10-27 00:54:59.636194+01:00,52.36
2025-10-27 00:59:59.694971+01:00,52.46
2025-10-27 01:04:59.790354+01:00,52.57
2025-10-27 01:09:59.853251+01:00,52.66
2025-10-27 01:14:59.903903+01:00,52.77
2025-10-27 01:25:00.052944+01:00,52.86
2025-10-27 01:30:00.121472+01:00,52.97
2025-10-27 01:35:00.186752+01:00,53.07
2025-10-27 01:45:00.338554+01:00,53.16
2025-10-27 01:50:00.422404+01:00,53.27
2025-10-27 02:00:00.550944+01:00,53.36
2025-10-27 02:05:00.631537+01:00,53.47
2025-10-27 02:10:00.730651+01:00,53.57
2025-10-27 02:20:00.903905+01:00,53.67
2025-10-27 02:30:01.055127+01:00,53.77
2025-10-27 02:40:01.234671+01:00,53.87
2025-10-27 02:45:01.294858+01:00,53.97
2025-10-27 02:55:01.447113+01:00,54.07
2025-10-27 03:00:01.497190+01:00,54.17
2025-10-27 03:10:01.651940+01:00,54.27
2025-10-27 03:15:01.748388+01:00,54.37
2025-10-27 03:20:01.838194+01:00,54.48
2025-10-27 03:30:02.007163+01:00,54.57
2025-10-27 03:35:02.086718+01:00,54.68
2025-10-27 03:40:02.144264+01:00,54.77
2025-10-27 03:45:02.221215+01:00,54.87
2025-10-27 03:50:02.281259+01:00,54.98
2025-10-27 03:55:02.382757+01:00,55.07
2025-10-27 04:05:02.506922+01:00,55.18
2025-10-27 04:10:02.561273+01:00,55.28
2025-10-27 04:20:02.742274+01:00,55.38
2025-10-27 04:25:02.834303+01:00,55.48
2025-10-27 04:30:02.872640+01:00,55.58
2025-10-27 04:40:03.030639+01:00,55.68
2025-10-27 04:50:03.166647+01:00,55.78
2025-10-27 05:00:03.301244+01:00,55.88
2025-10-27 05:05:03.406353+01:00,55.98
2025-10-27 05:15:03.586206+01:00,56.08
2025-10-27 05:35:03.895529+01:00,56.18
2025-10-27 05:45:04.050709+01:00,56.08
2025-10-27 06:10:04.402133+01:00,55.98
2025-10-27 06:30:04.704421+01:00,56.08
2025-10-27 06:45:04.909111+01:00,56.18
2025-10-27 07:05:05.221732+01:00,56.08
2025-10-27 07:20:05.499916+01:00,55.98
2025-10-27 07:25:05.557616+01:00,55.88
2025-10-27 07:40:05.759392+01:00,55.78
2025-10-27 08:30:06.503468+01:00,55.88
2025-10-27 08:55:06.852656+01:00,55.98
2025-10-27 09:00:06.934812+01:00,55.88
2025-10-27 09:05:07.038189+01:00,55.98
2025-10-27 09:50:07.691211+01:00,55.88
2025-10-27 09:55:07.759150+01:00,56.08
2025-10-27 10:05:07.939968+01:00,56.18
2025-10-27 10:10:07.988705+01:00,56.08
2025-10-27 10:20:08.140494+01:00,55.98
2025-10-27 10:25:08.230384+01:00,55.88
2025-10-27 10:35:08.339663+01:00,55.78
2025-10-27 10:40:08.407170+01:00,55.88
2025-10-27 10:45:08.503020+01:00,55.78
2025-10-27 10:55:08.652957+01:00,55.98
2025-10-27 11:05:08.811646+01:00,55.88
2025-10-27 11:20:09.075319+01:00,55.78
2025-10-27 12:05:09.850086+01:00,55.68
2025-10-27 12:50:10.541933+01:00,55.58
2025-10-27 13:10:10.845902+01:00,55.48
2025-10-27 13:15:10.890461+01:00,55.58
2025-10-27 14:15:11.750948+01:00,55.78
2025-10-27 14:20:11.825452+01:00,56.08
2025-10-27 14:25:11.899913+01:00,56.28
2025-10-27 14:30:11.963233+01:00,56.38
2025-10-27 14:40:12.110374+01:00,56.48
2025-10-27 14:55:12.351094+01:00,56.38
2025-10-27 15:00:12.424664+01:00,56.46
2025-10-27 15:40:12.944447+01:00,56.36
2025-10-27 15:45:13.008191+01:00,56.46
2025-10-27 16:00:13.192721+01:00,56.56
2025-10-27 16:10:13.298035+01:00,56.65
2025-10-27 16:25:13.513905+01:00,56.56
2025-10-27 16:35:13.660922+01:00,56.65
2025-10-27 16:50:13.881774+01:00,56.76
2025-10-27 17:00:14.028612+01:00,56.69
2025-10-27 17:05:14.077550+01:00,56.78
2025-10-27 17:20:14.309847+01:00,56.89
2025-10-27 17:25:14.372234+01:00,56.78
2025-10-27 17:30:14.438710+01:00,56.89
2025-10-27 17:45:14.629728+01:00,56.98
2025-10-27 17:50:14.706162+01:00,57.09
2025-10-27 17:55:14.795715+01:00,57.19
2025-10-27 17:57:32.197575+01:00,56.18
2025-10-27 18:02:32.276415+01:00,56.38
2025-10-27 18:07:32.346395+01:00,56.08
2025-10-27 18:12:32.410721+01:00,55.98
2025-10-27 18:17:32.476530+01:00,56.18
2025-10-27 18:22:32.541766+01:00,56.08
2025-10-27 18:32:32.710212+01:00,56.15
2025-10-27 18:37:32.775209+01:00,56.06
2025-10-27 18:42:32.854377+01:00,55.95
2025-10-27 18:47:32.895286+01:00,55.86
2025-10-27 19:07:33.238251+01:00,55.75
2025-10-27 19:17:33.363459+01:00,55.86
2025-10-27 19:22:33.422858+01:00,55.95
2025-10-27 19:32:33.617910+01:00,55.86
2025-10-27 19:37:33.694015+01:00,56.06
2025-10-27 19:42:33.775818+01:00,55.55
2025-10-27 19:47:33.842113+01:00,55.86
2025-10-27 19:52:33.867088+01:00,55.75
2025-10-27 20:12:34.134115+01:00,55.65
2025-10-27 20:17:34.220543+01:00,55.75
2025-10-27 20:27:34.357317+01:00,55.86
2025-10-27 20:32:34.455725+01:00,56.06
2025-10-27 20:37:34.502627+01:00,56.15
2025-10-27 20:42:34.562733+01:00,56.26
2025-10-27 20:47:34.600096+01:00,56.36
2025-10-27 20:52:34.677189+01:00,56.46
2025-10-27 20:57:34.747412+01:00,56.65
2025-10-27 21:02:34.819101+01:00,56.76
2025-10-27 21:07:34.859982+01:00,56.86
2025-10-27 21:12:34.925659+01:00,57.06
2025-10-27 21:17:35.002903+01:00,57.16
2025-10-27 21:22:35.063351+01:00,57.36
2025-10-27 21:32:35.213988+01:00,57.56
2025-10-27 21:37:35.288910+01:00,57.77
2025-10-27 21:42:35.323190+01:00,57.79
2025-10-27 21:47:35.386916+01:00,57.89
2025-10-27 21:52:35.424767+01:00,58.19
2025-10-27 21:57:35.478781+01:00,57.59
2025-10-27 22:02:35.531098+01:00,58.29
2025-10-27 22:07:35.609066+01:00,58.6
2025-10-27 22:12:35.671267+01:00,58.69
2025-10-27 22:17:35.744488+01:00,58.49
2025-10-27 22:22:35.825723+01:00,58.39
2025-10-27 22:25:33.417834+01:00,59.6
2025-10-27 22:27:03.763410+01:00,60.91
2025-10-27 22:30:04.444296+01:00,62.01
2025-10-27 22:35:04.543071+01:00,62.22
2025-10-27 22:40:04.623814+01:00,63.01
2025-10-27 22:45:04.660876+01:00,63.22
2025-10-27 22:50:04.722472+01:00,63.92
2025-10-27 22:55:04.800420+01:00,64.52
2025-10-27 23:05:04.917214+01:00,65.03
2025-10-27 23:10:04.983558+01:00,64.93
2025-10-27 23:15:05.070636+01:00,65.23
2025-10-27 23:20:05.139241+01:00,65.33
2025-10-27 23:25:05.189116+01:00,65.13
2025-10-27 23:30:05.256331+01:00,65.33
2025-10-27 23:35:05.323613+01:00,65.53
2025-10-27 23:40:00.416000+01:00,64.33
2025-10-27 23:41:50.839271+01:00,63.22
2025-10-27 23:43:21.181121+01:00,64.52
2025-10-27 23:46:41.960397+01:00,65.53
2025-10-27 23:51:42.013654+01:00,65.33
2025-10-27 23:56:42.113779+01:00,65.03
2025-10-28 00:01:42.183782+01:00,64.93
2025-10-28 00:06:42.249774+01:00,64.42
2025-10-28 00:16:42.444819+01:00,64.22
2025-10-28 00:26:42.676540+01:00,63.52
2025-10-28 00:33:19.797012+01:00,63.32
2025-10-28 00:35:03.157668+01:00,62.31
2025-10-28 00:37:23.690854+01:00,61.21
2025-10-28 00:40:54.495307+01:00,62.22
2025-10-28 00:45:54.541632+01:00,62.42
2025-10-28 00:50:54.591026+01:00,62.11
2025-10-28 00:55:54.647064+01:00,62.31
2025-10-28 01:00:54.729441+01:00,62.22
2025-10-28 01:05:54.795074+01:00,61.71
2025-10-28 01:15:54.950311+01:00,61.41
2025-10-28 01:20:55.008338+01:00,60.81
2025-10-28 01:23:24.144349+01:00,59.8
2025-10-28 01:25:34.670129+01:00,60.91
2025-10-28 01:30:34.741879+01:00,60.71
2025-10-28 01:35:34.828908+01:00,60.6
2025-10-28 01:40:34.891786+01:00,60.51
2025-10-28 01:45:35.003167+01:00,60.4
2025-10-28 01:50:35.084861+01:00,60.51
2025-10-28 01:55:35.174756+01:00,60.3
2025-10-28 02:00:35.251278+01:00,60.2
2025-10-28 02:05:35.304931+01:00,59.9
2025-10-28 02:10:35.354669+01:00,59.8
2025-10-28 02:15:35.423997+01:00,59.7
2025-10-28 02:20:35.492642+01:00,59.6
2025-10-28 02:25:35.551010+01:00,59.4
2025-10-28 02:30:35.623067+01:00,59.5
2025-10-28 02:35:35.691745+01:00,59.3
2025-10-28 02:45:35.832310+01:00,59.2
2025-10-28 02:50:35.875752+01:00,59.1
2025-10-28 02:55:35.948875+01:00,58.8
2025-10-28 03:05:36.072461+01:00,58.6
2025-10-28 03:10:36.140242+01:00,58.19
2025-10-28 03:15:36.230731+01:00,57.99
2025-10-28 03:20:36.284757+01:00,58.09
2025-10-28 03:30:36.466261+01:00,57.99
2025-10-28 03:35:36.542955+01:00,57.89
2025-10-28 03:45:36.699064+01:00,57.79
2025-10-28 03:55:36.771114+01:00,57.89
2025-10-28 04:10:37.024130+01:00,57.79
2025-10-28 04:15:37.105035+01:00,57.89
2025-10-28 04:20:37.172952+01:00,57.99
2025-10-28 04:30:37.334514+01:00,58.09
2025-10-28 04:40:37.517451+01:00,58.19
2025-10-28 04:43:25.674131+01:00,58.19
2025-10-28 04:45:37.616905+01:00,58.29
2025-10-28 04:50:37.704382+01:00,58.39
2025-10-28 05:05:37.927778+01:00,58.49
2025-10-28 05:10:38.014193+01:00,58.6
2025-10-28 05:20:38.173387+01:00,58.69
2025-10-28 05:25:38.233113+01:00,58.8
2025-10-28 05:30:38.339061+01:00,58.89
2025-10-28 05:40:38.507298+01:00,59.0
2025-10-28 05:45:38.589379+01:00,59.1
2025-10-28 05:55:38.735979+01:00,59.2
2025-10-28 06:00:38.829569+01:00,59.3
2025-10-28 06:05:38.917445+01:00,59.4
2025-10-28 06:10:39.028008+01:00,59.5
2025-10-28 06:15:39.115845+01:00,59.6
2025-10-28 06:20:39.187865+01:00,59.7
2025-10-28 06:25:39.263567+01:00,59.8
2025-10-28 06:35:39.420958+01:00,59.9
2025-10-28 06:40:39.480691+01:00,60.0
2025-10-28 06:45:39.542397+01:00,60.1
2025-10-28 06:55:39.701723+01:00,60.2
2025-10-28 07:00:39.773935+01:00,60.3
2025-10-28 07:10:39.931951+01:00,60.4
2025-10-28 07:20:40.081315+01:00,60.51
2025-10-28 07:35:40.304969+01:00,60.6
2025-10-28 08:05:40.734571+01:00,60.71
2025-10-28 08:20:40.937444+01:00,60.81
2025-10-28 08:40:41.242117+01:00,60.91
2025-10-28 09:05:41.617850+01:00,61.01
2025-10-28 09:20:41.824151+01:00,61.11
2025-10-28 09:45:42.152085+01:00,61.21
2025-10-28 10:10:42.481794+01:00,61.31
2025-10-28 10:20:42.620428+01:00,61.51
2025-10-28 10:25:42.712959+01:00,61.71
2025-10-28 10:30:42.780427+01:00,61.81
2025-10-28 10:45:42.975103+01:00,61.91
2025-10-28 10:50:43.042550+01:00,62.01
2025-10-28 11:20:43.476188+01:00,62.11
2025-10-28 11:30:43.654087+01:00,62.22
2025-10-28 11:35:43.768027+01:00,62.31
2025-10-28 11:45:43.795859+01:00,62.42
2025-10-28 11:50:43.874323+01:00,62.72
2025-10-28 11:55:43.936737+01:00,62.62
2025-10-28 12:00:44.002886+01:00,62.72
2025-10-28 12:10:44.120032+01:00,62.62
2025-10-28 12:45:44.553135+01:00,62.51
2025-10-28 12:50:44.604700+01:00,62.62
2025-10-28 12:55:44.714752+01:00,62.79
2025-10-28 13:00:44.715327+01:00,62.89
2025-10-28 13:10:44.805702+01:00,62.99
2025-10-28 13:15:44.928226+01:00,62.89
2025-10-28 13:20:44.926903+01:00,62.99
2025-10-28 13:30:45.121144+01:00,63.09
2025-10-28 14:00:45.442216+01:00,63.19
2025-10-28 14:05:45.505229+01:00,63.29
2025-10-28 14:10:45.573402+01:00,63.19
2025-10-28 14:20:45.770429+01:00,63.09
2025-10-28 14:30:33.843315+01:00,63.09
2025-10-28 14:30:45.814247+01:00,62.99
2025-10-28 14:35:45.883348+01:00,62.89
2025-10-28 14:40:45.961088+01:00,62.86
2025-10-28 15:00:46.218912+01:00,62.76
2025-10-28 15:05:46.265073+01:00,62.65
2025-10-28 15:10:46.341282+01:00,62.76
2025-10-28 15:15:46.393181+01:00,62.56
2025-10-28 15:20:46.495250+01:00,62.76
2025-10-28 15:40:46.727006+01:00,63.06
2025-10-28 15:45:46.786155+01:00,63.66
2025-10-28 15:50:46.871845+01:00,64.57
2025-10-28 15:55:46.933981+01:00,65.47
2025-10-28 16:00:46.994122+01:00,65.77
2025-10-28 16:03:55.565641+01:00,66.87
2025-10-28 16:07:16.321764+01:00,67.88
2025-10-28 16:12:16.380219+01:00,67.34
2025-10-28 16:17:16.457925+01:00,67.54
2025-10-28 16:27:16.592201+01:00,67.45
2025-10-28 16:32:16.654684+01:00,66.95
2025-10-28 16:37:16.720289+01:00,66.54
2025-10-28 16:42:16.807244+01:00,66.11
2025-10-28 16:47:16.853715+01:00,65.81
2025-10-28 16:52:16.951763+01:00,65.51
2025-10-28 16:57:17.012155+01:00,65.21
2025-10-28 17:02:17.110988+01:00,65.1
2025-10-28 17:07:17.210074+01:00,65.0
2025-10-28 17:12:17.298880+01:00,64.8
2025-10-28 17:17:17.442383+01:00,64.71
2025-10-28 17:22:17.520150+01:00,64.5
2025-10-28 17:27:17.597263+01:00,64.3
2025-10-28 17:32:17.667825+01:00,63.7
2025-10-28 17:37:17.753457+01:00,62.8
2025-10-28 17:42:17.834441+01:00,62.2
2025-10-28 18:02:18.223949+01:00,62.4
2025-10-28 18:17:18.490679+01:00,62.29
2025-10-28 18:22:18.564178+01:00,61.89
2025-10-28 18:27:18.661351+01:00,62.2
2025-10-28 18:37:18.821048+01:00,62.23
2025-10-28 18:42:18.906440+01:00,62.12
2025-10-28 18:47:18.965689+01:00,62.03
2025-10-28 18:57:19.155841+01:00,61.92
2025-10-28 19:22:19.493784+01:00,61.82
2025-10-28 19:47:19.841651+01:00,61.72
2025-10-28 19:57:19.979609+01:00,61.62
2025-10-28 20:07:20.153842+01:00,61.52
2025-10-28 20:12:20.212171+01:00,61.42
2025-10-28 20:17:20.270780+01:00,61.32
2025-10-28 20:22:20.336382+01:00,61.35
2025-10-28 20:27:20.407874+01:00,61.25
2025-10-28 20:32:20.490409+01:00,61.15
2025-10-28 20:37:20.570828+01:00,61.05
2025-10-28 20:42:20.660302+01:00,60.95
2025-10-28 20:52:20.773082+01:00,60.75
2025-10-28 20:57:20.854360+01:00,60.65
2025-10-28 21:17:21.086869+01:00,60.55
2025-10-28 21:32:21.303078+01:00,60.45
2025-10-28 21:47:21.502939+01:00,60.35
2025-10-28 22:12:21.784003+01:00,60.24
2025-10-28 22:37:22.148408+01:00,60.35
2025-10-28 22:57:22.444958+01:00,60.45
2025-10-28 23:17:22.765721+01:00,60.55
2025-10-28 23:37:23.068651+01:00,60.65
2025-10-29 00:22:23.761798+01:00,60.75
2025-10-29 01:37:24.755423+01:00,60.85
2025-10-29 01:42:24.815042+01:00,61.15
2025-10-29 01:47:24.876655+01:00,61.25
2025-10-29 01:52:24.961548+01:00,61.35
2025-10-29 02:07:25.163757+01:00,61.15
2025-10-29 02:27:25.409169+01:00,61.05
2025-10-29 02:32:25.467345+01:00,60.95
2025-10-29 02:37:25.538581+01:00,60.85
2025-10-29 02:42:25.624347+01:00,60.75
2025-10-29 02:52:25.757883+01:00,60.65
2025-10-29 02:57:25.829736+01:00,60.55
2025-10-29 03:02:25.887059+01:00,60.45
2025-10-29 03:07:25.982315+01:00,60.35
2025-10-29 03:17:26.131004+01:00,60.24
2025-10-29 03:22:26.172815+01:00,60.15
2025-10-29 03:32:26.328972+01:00,60.04
2025-10-29 03:47:26.465006+01:00,59.94
2025-10-29 04:02:26.647253+01:00,59.85
2025-10-29 04:17:26.883935+01:00,59.74
2025-10-29 04:37:27.203310+01:00,59.65
2025-10-29 04:47:27.314390+01:00,59.67
2025-10-29 04:52:27.402212+01:00,59.65
2025-10-29 04:57:27.481897+01:00,59.67
2025-10-29 05:02:27.564695+01:00,59.65
2025-10-29 05:17:27.910641+01:00,59.67
2025-10-29 05:27:27.932621+01:00,59.65
2025-10-29 05:32:28.047499+01:00,59.67
2025-10-29 05:47:28.261915+01:00,59.77
2025-10-29 06:22:28.769280+01:00,59.74
2025-10-29 06:27:28.849749+01:00,59.87
2025-10-29 06:32:28.884905+01:00,59.85
2025-10-29 06:37:28.962722+01:00,59.87
2025-10-29 06:42:29.061082+01:00,59.98
2025-10-29 07:02:29.262959+01:00,60.07
2025-10-29 07:42:29.743378+01:00,60.18
2025-10-29 08:02:30.038308+01:00,60.27
2025-10-29 08:32:30.418950+01:00,60.38
2025-10-29 09:07:30.978673+01:00,60.48
2025-10-29 09:22:31.068993+01:00,60.57
2025-10-29 09:47:31.503208+01:00,60.68
2025-10-29 10:12:31.811008+01:00,60.77
2025-10-29 11:12:32.570909+01:00,60.75
2025-10-29 11:17:32.680997+01:00,60.88
2025-10-29 11:28:17.593453+01:00,60.98
2025-10-29 11:32:32.822039+01:00,60.88
2025-10-29 11:42:32.950199+01:00,60.77
2025-10-29 12:02:33.176397+01:00,60.68
2025-10-29 12:07:33.232167+01:00,60.57
2025-10-29 12:27:33.519681+01:00,60.48
2025-10-29 12:32:33.597170+01:00,60.57
2025-10-29 12:37:33.686681+01:00,60.55
2025-10-29 12:42:33.745350+01:00,60.65
2025-10-29 12:52:33.880304+01:00,60.68
2025-10-29 12:57:33.972121+01:00,60.65
2025-10-29 13:02:34.032748+01:00,60.55
2025-10-29 13:42:34.531713+01:00,60.75
2025-10-29 13:47:34.619421+01:00,60.95
2025-10-29 14:02:34.834133+01:00,61.05
2025-10-29 14:07:34.910899+01:00,60.95
2025-10-29 14:32:35.276716+01:00,61.05
2025-10-29 15:02:35.693041+01:00,61.25
2025-10-29 15:07:35.773039+01:00,61.35
2025-10-29 15:12:35.797656+01:00,61.55
2025-10-29 15:17:35.867989+01:00,61.75
2025-10-29 15:22:35.954753+01:00,62.25
2025-10-29 15:27:36.018586+01:00,62.73
2025-10-29 15:30:57.359069+01:00,63.83
2025-10-29 15:35:57.410771+01:00,64.43
2025-10-29 15:40:57.469432+01:00,64.33
2025-10-29 15:45:57.564915+01:00,64.13
2025-10-29 15:50:57.627129+01:00,64.24
2025-10-29 16:00:57.728924+01:00,64.1
2025-10-29 16:05:57.865287+01:00,64.2
2025-10-29 16:10:16.286407+01:00,63.1
2025-10-29 16:15:16.386751+01:00,63.5
2025-10-29 16:20:16.450888+01:00,63.6
2025-10-29 16:25:16.509799+01:00,63.53
2025-10-29 16:30:16.568024+01:00,63.43
2025-10-29 16:35:16.647614+01:00,63.23
2025-10-29 16:45:16.757891+01:00,63.13
2025-10-29 16:55:16.901265+01:00,63.03
2025-10-29 17:10:17.076234+01:00,62.93
2025-10-29 17:20:17.243619+01:00,62.96
2025-10-29 17:25:17.306956+01:00,62.86
2025-10-29 17:40:17.528913+01:00,62.73
2025-10-29 17:45:17.582804+01:00,62.62
2025-10-29 17:55:17.752065+01:00,62.53
2025-10-29 18:05:17.860956+01:00,62.45
2025-10-29 18:10:17.944969+01:00,62.33
2025-10-29 18:15:18.037222+01:00,62.42
2025-10-29 18:35:18.327446+01:00,62.33
2025-10-29 18:45:18.501962+01:00,62.23
2025-10-29 18:50:18.515376+01:00,62.12
2025-10-29 18:55:18.574413+01:00,62.03
2025-10-29 19:05:18.742474+01:00,61.92
2025-10-29 19:20:19.010063+01:00,61.82
2025-10-29 19:55:19.433651+01:00,61.72
2025-10-29 20:00:19.505970+01:00,61.82
2025-10-29 20:15:19.776352+01:00,61.92
2025-10-29 20:30:20.037614+01:00,62.03
2025-10-29 20:45:20.122030+01:00,62.33
2025-10-29 20:49:47.428298+01:00,62.33
2025-10-29 20:50:20.177911+01:00,62.42
2025-10-29 20:55:20.223883+01:00,62.53
2025-10-29 21:00:20.315267+01:00,62.42
2025-10-29 21:05:20.395575+01:00,62.53
2025-10-29 21:10:20.448509+01:00,62.42
2025-10-29 21:35:20.789130+01:00,62.33
2025-10-29 21:45:20.893406+01:00,62.53
2025-10-29 21:55:20.990832+01:00,62.62
2025-10-29 22:00:21.074636+01:00,62.73
2025-10-29 22:05:21.142418+01:00,62.93
2025-10-29 22:10:21.226391+01:00,63.03
2025-10-29 22:20:21.321628+01:00,63.13
2025-10-29 22:30:21.398911+01:00,63.23
2025-10-29 22:45:21.591927+01:00,63.33
2025-10-29 23:25:22.057818+01:00,63.23
2025-10-29 23:31:22.244552+01:00,63.23
2025-10-29 23:40:22.244327+01:00,63.13
2025-10-29 23:50:22.379096+01:00,63.03
2025-10-30 00:00:22.468610+01:00,62.93
2025-10-30 00:10:22.573353+01:00,62.83
2025-10-30 00:20:22.681009+01:00,62.73
2025-10-30 00:25:22.725014+01:00,62.65
2025-10-30 00:30:22.754616+01:00,62.45
2025-10-30 00:35:22.816200+01:00,62.76
2025-10-30 00:40:22.906578+01:00,62.65
2025-10-30 00:45:22.946904+01:00,62.56
2025-10-30 01:00:23.132904+01:00,62.53
2025-10-30 01:10:23.206204+01:00,62.83
2025-10-30 01:15:23.246277+01:00,63.03
2025-10-30 01:25:23.389740+01:00,62.62
2025-10-30 01:35:23.472974+01:00,62.53
2025-10-30 01:45:23.562454+01:00,61.92
2025-10-30 01:50:23.649444+01:00,62.33
2025-10-30 01:55:23.682625+01:00,62.12
2025-10-30 02:00:23.781845+01:00,62.03
2025-10-30 02:05:23.840957+01:00,62.12
2025-10-30 02:10:23.899626+01:00,61.82
2025-10-30 02:15:23.942852+01:00,61.72
2025-10-30 02:25:24.057455+01:00,61.52
2025-10-30 02:30:24.132636+01:00,61.42
2025-10-30 02:35:24.166157+01:00,61.32
2025-10-30 02:45:24.340132+01:00,61.22
2025-10-30 02:50:24.399045+01:00,61.12
2025-10-30 03:00:24.474589+01:00,61.02
2025-10-30 03:10:24.582117+01:00,60.92
2025-10-30 03:15:24.645707+01:00,60.82
2025-10-30 03:20:24.715449+01:00,60.85
2025-10-30 03:25:24.801889+01:00,60.72
2025-10-30 03:30:24.877911+01:00,60.65
2025-10-30 03:40:24.976777+01:00,60.55
2025-10-30 03:55:25.187631+01:00,60.45
2025-10-30 04:00:25.272834+01:00,60.35
2025-10-30 04:10:25.365396+01:00,60.24
2025-10-30 04:15:25.411677+01:00,60.15
2025-10-30 04:20:25.465219+01:00,60.04
2025-10-30 04:25:25.567155+01:00,60.15
2025-10-30 04:30:25.645167+01:00,59.94
2025-10-30 04:40:25.776282+01:00,59.85
2025-10-30 04:50:25.859982+01:00,59.74
2025-10-30 04:55:25.928319+01:00,59.65
2025-10-30 05:05:26.064865+01:00,59.54
2025-10-30 05:10:26.131541+01:00,59.44
2025-10-30 05:15:26.162177+01:00,59.34
2025-10-30 05:20:26.341648+01:00,59.24
2025-10-30 05:25:26.340413+01:00,59.14
2025-10-30 05:35:26.476820+01:00,59.04
2025-10-30 05:40:26.596460+01:00,58.94
2025-10-30 05:50:26.768806+01:00,58.84
2025-10-30 06:00:26.897906+01:00,58.74
2025-10-30 06:05:26.930022+01:00,58.64
2025-10-30 06:10:26.964605+01:00,58.54
2025-10-30 06:15:27.055142+01:00,58.44
2025-10-30 06:25:27.123221+01:00,58.34
2025-10-30 06:30:27.183793+01:00,58.24
2025-10-30 06:38:16.443723+01:00,58.24
2025-10-30 06:40:27.354902+01:00,58.14
2025-10-30 06:50:27.458362+01:00,58.03
2025-10-30 06:55:27.466092+01:00,57.94
2025-10-30 07:05:27.548909+01:00,57.84
2025-10-30 07:20:27.731867+01:00,57.74
2025-10-30 07:25:27.809908+01:00,57.64
2025-10-30 07:30:27.888537+01:00,57.53
2025-10-30 07:45:28.098580+01:00,57.44
2025-10-30 07:55:28.213741+01:00,57.33
2025-10-30 08:15:28.455621+01:00,57.23
2025-10-30 08:30:28.680134+01:00,57.13
2025-10-30 08:45:28.860582+01:00,57.03
2025-10-30 09:00:29.058344+01:00,56.93
2025-10-30 09:25:29.373762+01:00,56.83
2025-10-30 09:30:29.430981+01:00,56.93
2025-10-30 09:35:29.489227+01:00,56.83
2025-10-30 09:55:29.724844+01:00,56.73
2025-10-30 10:00:29.772880+01:00,56.83
2025-10-30 10:20:29.978151+01:00,56.93
2025-10-30 10:35:30.197764+01:00,57.13
2025-10-30 10:40:30.259208+01:00,57.23
2025-10-30 10:45:30.300566+01:00,57.26
2025-10-30 10:50:30.352187+01:00,57.36
2025-10-30 11:00:30.473150+01:00,57.46
2025-10-30 11:05:30.549632+01:00,57.56
2025-10-30 11:15:30.677499+01:00,57.26
2025-10-30 11:20:30.746023+01:00,57.56
2025-10-30 11:35:30.951586+01:00,57.53
2025-10-30 11:40:31.014310+01:00,57.64
2025-10-30 12:14:31.653250+01:00,57.64
2025-10-30 12:19:19.657645+01:00,57.64
2025-10-30 12:30:31.819475+01:00,57.53
2025-10-30 12:38:59.048006+01:00,57.53
2025-10-30 12:39:59.097441+01:00,57.53
2025-10-30 12:40:31.830125+01:00,57.64
2025-10-30 12:45:31.921677+01:00,57.53
2025-10-30 12:48:22.537993+01:00,57.53
2025-10-30 12:51:48.327015+01:00,57.53
2025-10-30 12:57:06.575886+01:00,57.53
2025-10-30 13:03:43.623519+01:00,57.53
2025-10-30 13:05:32.116774+01:00,57.44
2025-10-30 13:15:32.384263+01:00,57.33
2025-10-30 13:25:32.616502+01:00,57.23
2025-10-30 13:35:32.845454+01:00,57.33
2025-10-30 13:40:32.441249+01:00,57.13
2025-10-30 14:00:32.753284+01:00,57.03
2025-10-30 14:20:33.023438+01:00,57.44
2025-10-30 14:35:33.228862+01:00,57.64
2025-10-30 14:40:33.299700+01:00,57.94
2025-10-30 14:45:33.342481+01:00,57.91
2025-10-30 14:50:33.417702+01:00,58.81
2025-10-30 14:51:05.614658+01:00,60.02
2025-10-30 14:53:56.290324+01:00,61.22
2025-10-30 15:03:56.389317+01:00,61.75
2025-10-30 15:08:56.414110+01:00,62.33
2025-10-30 15:11:20.153196+01:00,63.43
2025-10-30 15:16:20.200629+01:00,64.43
2025-10-30 15:24:43.172628+01:00,65.44
2025-10-30 15:29:43.240643+01:00,65.94
2025-10-30 15:34:43.280505+01:00,66.54
2025-10-30 15:39:43.375020+01:00,67.14
2025-10-30 15:44:43.406065+01:00,67.38
2025-10-30 15:49:43.455980+01:00,66.77
2025-10-30 15:54:43.499257+01:00,66.67
2025-10-30 15:59:43.557775+01:00,66.98
2025-10-30 16:09:43.651874+01:00,66.57
2025-10-30 16:14:43.717648+01:00,66.77
2025-10-30 16:19:43.761250+01:00,66.57
2025-10-30 16:24:43.817712+01:00,66.47
2025-10-30 16:29:43.853346+01:00,66.17
2025-10-30 16:34:43.911551+01:00,65.97
2025-10-30 16:40:20.227191+01:00,67.18
2025-10-30 16:45:20.292464+01:00,66.87
2025-10-30 16:50:20.341848+01:00,66.98
2025-10-30 16:55:20.390055+01:00,67.07
2025-10-30 17:05:20.524401+01:00,67.28
2025-10-30 17:25:20.780716+01:00,67.38
2025-10-30 17:30:20.849755+01:00,67.18
2025-10-30 17:40:20.995068+01:00,67.07
2025-10-30 17:45:21.039351+01:00,66.27
2025-10-30 17:50:21.102149+01:00,66.57
2025-10-30 17:52:26.605877+01:00,67.78
2025-10-30 17:53:56.941810+01:00,66.57
2025-10-30 17:55:37.315948+01:00,65.47
2025-10-30 17:56:07.429526+01:00,64.36
2025-10-30 17:57:57.838244+01:00,63.26
2025-10-30 17:58:37.982643+01:00,65.64
2025-10-30 18:00:28.402112+01:00,64.53
2025-10-30 18:00:58.516334+01:00,66.54
2025-10-30 18:03:39.122338+01:00,67.75
2025-10-30 18:06:09.701134+01:00,69.05
2025-10-30 18:10:20.645955+01:00,70.32
2025-10-30 18:15:20.751167+01:00,71.22
2025-10-30 18:20:20.818388+01:00,70.29
2025-10-30 18:21:43.281053+01:00,69.19
2025-10-30 18:24:23.884214+01:00,70.29
2025-10-30 18:29:23.975779+01:00,70.19
2025-10-30 18:34:24.024411+01:00,69.55
2025-10-30 18:39:24.090254+01:00,69.25
2025-10-30 18:44:24.159940+01:00,68.95
2025-10-30 18:49:24.236059+01:00,69.25
2025-10-30 18:53:10.459362+01:00,68.05
2025-10-30 18:58:10.528588+01:00,68.75
2025-10-30 19:03:10.609451+01:00,68.35
2025-10-30 19:08:10.692386+01:00,68.15
2025-10-30 19:13:10.759671+01:00,67.95
2025-10-30 19:18:10.825735+01:00,68.08
2025-10-30 19:23:10.896729+01:00,67.98
2025-10-30 19:28:10.952616+01:00,67.88
2025-10-30 19:30:08.889333+01:00,68.98
2025-10-30 19:34:09.816684+01:00,69.99
2025-10-30 19:39:09.883327+01:00,69.79
2025-10-30 19:44:09.969612+01:00,70.22
2025-10-30 19:49:10.025005+01:00,70.52
2025-10-30 19:54:10.111253+01:00,70.02
2025-10-30 19:59:10.186882+01:00,69.72
2025-10-30 20:04:10.261981+01:00,69.32
2025-10-30 20:09:10.361345+01:00,69.22
2025-10-30 20:14:10.433802+01:00,68.72
2025-10-30 20:19:10.482548+01:00,68.62
2025-10-30 20:24:10.549622+01:00,68.35
2025-10-30 20:29:10.595698+01:00,68.12
2025-10-30 20:34:10.666516+01:00,67.85
2025-10-30 20:39:10.732041+01:00,67.54
2025-10-30 20:44:10.791249+01:00,67.24
2025-10-30 20:49:10.863102+01:00,67.04
2025-10-30 20:54:10.896768+01:00,66.84
2025-10-30 20:59:10.950422+01:00,66.04
2025-10-30 21:04:11.028818+01:00,65.94
2025-10-30 21:09:11.118670+01:00,66.54
2025-10-30 21:14:11.164930+01:00,66.24
2025-10-30 21:19:11.198407+01:00,65.54
2025-10-30 21:24:11.285645+01:00,65.24
2025-10-30 21:29:11.352193+01:00,65.44
2025-10-30 21:34:11.393027+01:00,65.14
2025-10-30 21:44:11.557749+01:00,64.74
2025-10-30 21:49:11.608043+01:00,64.63
2025-10-30 21:54:11.621144+01:00,64.53
2025-10-30 22:04:11.745286+01:00,64.33
2025-10-30 22:09:11.818100+01:00,64.13
2025-10-30 22:14:11.870758+01:00,63.93
2025-10-30 22:19:11.933839+01:00,63.83
2025-10-30 22:24:11.989296+01:00,63.53
2025-10-30 22:29:12.043130+01:00,63.13
2025-10-30 22:34:12.110611+01:00,62.83
2025-10-30 22:39:12.170444+01:00,62.62
2025-10-30 22:44:12.269459+01:00,62.42
2025-10-30 22:49:12.319228+01:00,62.12
2025-10-30 22:54:12.336257+01:00,61.92
2025-10-30 22:59:12.392941+01:00,61.82
2025-10-30 23:04:12.489188+01:00,61.72
2025-10-30 23:09:12.552333+01:00,61.12
2025-10-30 23:11:49.343251+01:00,60.02
2025-10-30 23:14:39.992549+01:00,61.12
2025-10-30 23:19:31.069271+01:00,60.04
2025-10-30 23:24:31.153707+01:00,60.65
2025-10-30 23:29:31.230633+01:00,60.45
2025-10-30 23:34:31.292794+01:00,60.95
2025-10-30 23:44:31.392012+01:00,61.05
2025-10-30 23:49:31.432784+01:00,60.35
2025-10-30 23:51:38.375948+01:00,59.34
2025-10-30 23:56:38.429506+01:00,60.04
2025-10-31 00:01:38.482633+01:00,60.15
2025-10-31 00:06:38.493879+01:00,59.94
2025-10-31 00:11:38.542862+01:00,59.65
2025-10-31 00:16:38.614209+01:00,59.85
2025-10-31 00:21:38.682901+01:00,59.65
2025-10-31 00:26:38.737208+01:00,59.44
2025-10-31 00:36:38.854406+01:00,59.34
2025-10-31 00:41:38.897523+01:00,59.14
2025-10-31 00:51:39.056813+01:00,58.94
2025-10-31 01:01:39.149263+01:00,58.84
2025-10-31 01:06:39.215204+01:00,58.54
2025-10-31 01:11:39.261613+01:00,58.64
2025-10-31 01:16:39.309113+01:00,58.54
2025-10-31 01:21:39.367656+01:00,58.44
2025-10-31 01:31:39.515909+01:00,58.24
2025-10-31 01:46:39.722085+01:00,58.03
2025-10-31 01:56:39.856673+01:00,57.94
2025-10-31 02:01:39.912429+01:00,57.84
2025-10-31 02:06:39.952399+01:00,57.94
2025-10-31 02:11:40.025004+01:00,57.23
2025-10-31 02:16:40.114305+01:00,57.13
2025-10-31 02:21:40.162341+01:00,57.64
2025-10-31 02:26:40.244728+01:00,57.53
2025-10-31 02:31:40.306006+01:00,57.44
2025-10-31 02:36:40.359162+01:00,57.33
2025-10-31 02:41:40.408622+01:00,57.44
2025-10-31 02:46:40.470624+01:00,57.23
2025-10-31 02:56:40.632114+01:00,57.13
2025-10-31 03:01:40.683739+01:00,57.03
2025-10-31 03:06:40.751384+01:00,56.93
2025-10-31 03:11:40.821131+01:00,56.83
2025-10-31 03:16:40.894860+01:00,56.73
2025-10-31 03:21:40.948887+01:00,56.83
2025-10-31 03:26:40.985259+01:00,56.73
2025-10-31 03:31:41.010981+01:00,56.63
2025-10-31 03:36:41.050117+01:00,56.73
2025-10-31 03:46:41.137668+01:00,56.63
2025-10-31 04:01:41.291221+01:00,56.53
2025-10-31 04:06:41.361682+01:00,56.43
2025-10-31 04:11:41.433381+01:00,56.33
2025-10-31 04:16:41.515996+01:00,56.13
2025-10-31 04:26:41.647664+01:00,56.03
2025-10-31 04:41:41.816306+01:00,55.93
2025-10-31 04:51:41.944198+01:00,55.82
2025-10-31 04:56:42.010408+01:00,55.93
2025-10-31 05:16:42.273901+01:00,55.82
2025-10-31 05:21:42.342197+01:00,55.73
2025-10-31 05:26:42.394668+01:00,55.93
2025-10-31 05:31:42.471296+01:00,55.82
2025-10-31 05:36:42.525906+01:00,55.73
2025-10-31 05:41:42.608913+01:00,55.63
2025-10-31 05:51:42.732040+01:00,55.53
2025-10-31 05:56:42.779687+01:00,55.63
2025-10-31 06:01:42.842304+01:00,55.53
2025-10-31 06:16:43.029047+01:00,55.43
2025-10-31 06:21:43.065794+01:00,55.53
2025-10-31 06:26:43.148555+01:00,55.43
2025-10-31 06:36:43.288967+01:00,55.32
2025-10-31 06:51:43.457569+01:00,55.43
2025-10-31 07:01:43.576818+01:00,55.32
2025-10-31 07:16:43.804849+01:00,55.23
2025-10-31 07:21:43.868873+01:00,55.32
2025-10-31 08:01:44.333296+01:00,55.23
2025-10-31 08:16:44.551304+01:00,55.53
2025-10-31 08:21:44.622056+01:00,55.43
2025-10-31 08:46:44.872889+01:00,55.25
2025-10-31 08:51:44.926135+01:00,54.95
2025-10-31 08:56:45.000980+01:00,55.45
2025-10-31 09:01:45.075111+01:00,55.65
2025-10-31 09:06:45.117594+01:00,55.05
2025-10-31 09:11:45.169683+01:00,55.35
2025-10-31 09:16:45.226672+01:00,55.45
2025-10-31 09:21:45.277181+01:00,55.32
2025-10-31 09:41:45.580024+01:00,55.43
2025-10-31 10:06:45.851444+01:00,55.53
2025-10-31 10:11:45.908133+01:00,55.63
2025-10-31 10:16:45.987618+01:00,55.73
2025-10-31 10:21:46.036304+01:00,55.82
2025-10-31 10:41:46.255873+01:00,55.93
2025-10-31 11:01:46.537011+01:00,56.03
2025-10-31 11:11:46.621102+01:00,56.13
2025-10-31 11:21:46.773427+01:00,56.23
2025-10-31 11:31:46.926247+01:00,56.33
2025-10-31 11:36:46.974616+01:00,56.43
2025-10-31 11:41:47.049465+01:00,56.63
2025-10-31 12:01:47.274015+01:00,56.73
2025-10-31 12:11:47.369968+01:00,57.13
2025-10-31 12:16:47.433257+01:00,57.23
2025-10-31 12:26:47.535994+01:00,57.44
2025-10-31 12:31:47.605780+01:00,57.84
2025-10-31 12:35:31.625442+01:00,58.94
2025-10-31 12:39:02.441534+01:00,60.04
2025-10-31 12:44:02.502224+01:00,60.85
2025-10-31 12:49:02.547673+01:00,61.05
2025-10-31 12:54:02.618767+01:00,61.35
2025-10-31 13:04:02.701435+01:00,61.15
2025-10-31 13:09:02.756401+01:00,61.05
2025-10-31 13:14:02.787633+01:00,60.75
2025-10-31 13:19:02.854237+01:00,60.65
2025-10-31 13:24:02.937209+01:00,60.55
2025-10-31 13:29:02.980941+01:00,60.35
2025-10-31 13:34:03.036946+01:00,60.24
2025-10-31 13:39:03.074993+01:00,60.15
2025-10-31 13:44:03.140224+01:00,60.04
2025-10-31 13:59:03.312348+01:00,59.94
2025-10-31 14:04:03.369030+01:00,59.74
2025-10-31 14:14:03.487846+01:00,59.65
2025-10-31 14:24:03.620793+01:00,59.54
2025-10-31 14:44:03.861394+01:00,59.44
2025-10-31 15:49:04.581356+01:00,59.54
2025-10-31 16:09:04.828741+01:00,59.65
2025-10-31 16:14:04.871343+01:00,59.74
2025-10-31 16:24:05.008409+01:00,59.65
2025-10-31 16:59:05.402923+01:00,59.74
2025-10-31 17:09:05.488823+01:00,59.85
2025-10-31 17:14:05.539603+01:00,59.94
2025-10-31 17:19:05.578619+01:00,60.04
2025-10-31 17:24:05.663090+01:00,60.15
2025-10-31 17:34:05.779037+01:00,60.24
2025-10-31 17:39:05.852913+01:00,60.35
2025-10-31 18:49:06.644837+01:00,60.45
2025-10-31 18:54:06.725772+01:00,60.35
2025-10-31 18:59:06.789565+01:00,60.45
2025-10-31 19:04:06.856351+01:00,60.35
2025-10-31 19:19:07.035635+01:00,60.24
2025-10-31 20:39:07.860789+01:00,60.15
2025-10-31 21:29:08.495311+01:00,60.04
2025-10-31 21:54:08.743368+01:00,60.35
2025-10-31 21:59:08.789316+01:00,60.52
2025-10-31 22:04:08.862921+01:00,61.02
2025-10-31 22:09:08.916524+01:00,61.12
2025-10-31 22:14:08.982624+01:00,60.92
2025-10-31 22:19:09.024566+01:00,60.82
2025-10-31 22:24:09.046156+01:00,60.85
2025-10-31 22:29:09.111873+01:00,60.82
2025-10-31 22:34:09.146875+01:00,60.85
2025-10-31 22:49:09.336449+01:00,60.75
2025-10-31 22:59:09.420861+01:00,60.72
2025-10-31 23:04:09.464935+01:00,60.75
2025-10-31 23:19:09.649605+01:00,60.72
2025-10-31 23:24:09.682783+01:00,60.75
2025-10-31 23:29:09.747365+01:00,60.72
2025-10-31 23:34:09.811600+01:00,60.62
2025-10-31 23:39:09.855807+01:00,60.72
2025-10-31 23:44:09.913081+01:00,60.75
2025-10-31 23:49:09.946741+01:00,60.62
2025-10-31 23:54:09.998458+01:00,60.65
2025-11-01 00:04:10.084053+01:00,60.62
2025-11-01 00:14:10.161982+01:00,60.65
2025-11-01 00:24:10.256816+01:00,60.52
2025-11-01 01:14:10.712321+01:00,60.45
2025-11-01 01:19:10.753015+01:00,60.55
2025-11-01 01:44:10.999367+01:00,60.52
2025-11-01 01:49:11.063334+01:00,60.45
2025-11-01 02:19:11.342224+01:00,60.42
2025-11-01 02:29:11.463408+01:00,60.35
2025-11-01 02:33:49.313812+01:00,60.35
2025-11-01 02:49:11.990878+01:00,60.24
2025-11-01 02:59:12.295335+01:00,60.15
2025-11-01 03:09:11.868117+01:00,60.02
2025-11-01 03:14:11.961234+01:00,60.04
2025-11-01 03:24:12.096924+01:00,59.94
2025-11-01 03:39:12.207353+01:00,59.85
2025-11-01 03:49:12.316456+01:00,59.74
2025-11-01 04:14:12.543460+01:00,59.65
2025-11-01 05:24:13.240075+01:00,59.74
2025-11-01 05:44:13.483819+01:00,59.85
2025-11-01 05:59:13.665751+01:00,59.94
2025-11-01 06:14:13.828119+01:00,60.04
2025-11-01 06:29:14.020530+01:00,60.15
2025-11-01 06:39:14.110798+01:00,60.24
2025-11-01 06:48:40.716148+01:00,60.24
2025-11-01 06:49:14.246147+01:00,60.35
2025-11-01 06:54:14.318708+01:00,60.45
2025-11-01 06:59:14.379828+01:00,60.55
2025-11-01 07:04:14.441813+01:00,60.65
2025-11-01 07:14:14.523372+01:00,60.75
2025-11-01 07:19:14.590476+01:00,60.85
2025-11-01 07:24:14.655698+01:00,60.95
2025-11-01 07:34:14.738183+01:00,61.05
2025-11-01 07:39:14.806592+01:00,61.15
2025-11-01 07:49:14.936070+01:00,61.25
2025-11-01 07:54:15.019570+01:00,61.32
2025-11-01 07:59:15.076596+01:00,61.45
2025-11-01 08:04:15.119010+01:00,61.55
2025-11-01 08:09:15.172587+01:00,61.62
2025-11-01 08:14:15.239652+01:00,61.75
2025-11-01 08:19:15.283889+01:00,61.86
2025-11-01 08:24:15.345005+01:00,61.92
2025-11-01 08:29:15.388395+01:00,62.03
2025-11-01 08:34:15.411932+01:00,62.23
2025-11-01 08:39:15.436799+01:00,62.33
2025-11-01 08:44:15.500752+01:00,62.42
2025-11-01 08:49:15.542959+01:00,62.56
2025-11-01 08:59:15.646146+01:00,62.76
2025-11-01 09:04:15.694013+01:00,62.83
2025-11-01 09:14:15.826452+01:00,62.93
2025-11-01 09:19:15.863608+01:00,63.13
2025-11-01 09:24:15.901731+01:00,63.23
2025-11-01 09:34:16.027191+01:00,63.43
2025-11-01 09:39:16.074754+01:00,63.53
2025-11-01 09:49:16.176227+01:00,63.73
2025-11-01 09:54:16.224917+01:00,64.03
2025-11-01 09:59:16.269748+01:00,64.24
2025-11-01 10:04:16.337140+01:00,64.33
2025-11-01 10:09:16.398977+01:00,64.43
2025-11-01 10:14:16.438027+01:00,64.53
2025-11-01 10:19:16.471602+01:00,64.57
2025-11-01 10:24:16.548472+01:00,64.66
2025-11-01 10:34:16.634758+01:00,64.77
2025-11-01 10:49:16.752230+01:00,64.86
2025-11-01 11:04:16.893285+01:00,64.83
2025-11-01 11:19:17.071461+01:00,65.04
2025-11-01 11:24:17.114971+01:00,65.14
2025-11-01 11:29:17.168239+01:00,65.33
2025-11-01 11:34:17.216334+01:00,65.54
2025-11-01 11:39:17.292164+01:00,65.64
2025-11-01 11:54:17.490086+01:00,65.94
2025-11-01 11:59:17.554796+01:00,66.04
2025-11-01 12:04:17.590429+01:00,65.94
2025-11-01 12:09:17.649628+01:00,65.84
2025-11-01 12:19:17.800419+01:00,65.74
2025-11-01 12:29:17.935397+01:00,65.64
2025-11-01 12:34:17.995574+01:00,65.54
2025-11-01 12:49:18.159459+01:00,65.44
2025-11-01 12:54:18.209546+01:00,65.64
2025-11-01 12:59:18.251313+01:00,65.84
2025-11-01 13:04:18.298041+01:00,65.64
2025-11-01 13:09:18.365806+01:00,65.44
2025-11-01 13:14:18.414198+01:00,65.33
2025-11-01 13:19:18.480695+01:00,65.24
2025-11-01 13:24:18.548537+01:00,65.14
2025-11-01 13:34:18.645976+01:00,65.04
2025-11-01 13:44:18.782850+01:00,64.94
2025-11-01 13:54:18.906237+01:00,64.83
2025-11-01 14:09:19.016165+01:00,64.74
2025-11-01 14:24:19.167031+01:00,64.63
2025-11-01 14:39:19.346524+01:00,64.53
2025-11-01 14:43:35.271032+01:00,65.54
2025-11-01 14:48:35.305215+01:00,65.84
2025-11-01 14:51:47.094146+01:00,66.95
2025-11-01 14:56:47.124224+01:00,67.45
2025-11-01 15:01:47.170020+01:00,67.85
2025-11-01 15:11:47.299184+01:00,68.04
2025-11-01 15:16:47.336098+01:00,68.25
2025-11-01 15:31:47.518143+01:00,68.45
2025-11-01 15:36:47.548663+01:00,68.55
2025-11-01 15:41:47.594360+01:00,68.75
2025-11-01 15:46:47.687183+01:00,68.65
2025-11-01 15:51:47.724492+01:00,68.75
2025-11-01 15:56:47.796699+01:00,68.85
2025-11-01 16:06:47.900923+01:00,68.95
2025-11-01 16:11:47.938963+01:00,69.05
2025-11-01 16:21:48.059092+01:00,69.25
2025-11-01 16:31:48.187258+01:00,69.15
2025-11-01 16:36:48.225469+01:00,69.05
2025-11-01 16:46:48.336185+01:00,68.75
2025-11-01 16:56:48.427202+01:00,68.45
2025-11-01 17:01:48.483453+01:00,68.85
2025-11-01 17:06:48.524865+01:00,68.75
2025-11-01 17:11:48.556614+01:00,68.55
2025-11-01 17:16:48.604084+01:00,68.65
2025-11-01 17:31:48.725542+01:00,68.35
2025-11-01 17:36:48.776487+01:00,68.25
2025-11-01 17:41:48.841579+01:00,68.35
2025-11-01 17:51:48.977849+01:00,68.45
2025-11-01 17:56:49.017694+01:00,68.95
2025-11-01 18:01:49.051976+01:00,68.85
2025-11-01 18:06:49.057256+01:00,69.05
2025-11-01 18:11:49.104727+01:00,69.15
2025-11-01 18:16:49.168144+01:00,69.95
2025-11-01 18:21:49.213228+01:00,69.85
2025-11-01 18:31:49.361640+01:00,69.66
2025-11-01 18:36:49.401678+01:00,69.75
2025-11-01 18:41:49.459673+01:00,69.95
2025-11-01 18:46:49.521251+01:00,69.75
2025-11-01 18:51:49.571216+01:00,69.66
2025-11-01 18:56:49.618068+01:00,69.95
2025-11-01 19:01:49.673571+01:00,69.85
2025-11-01 19:02:53.587757+01:00,68.75
2025-11-01 19:05:04.086107+01:00,69.85
2025-11-01 19:10:04.124956+01:00,70.16
2025-11-01 19:25:04.299898+01:00,69.99
2025-11-01 19:35:04.420008+01:00,69.78
2025-11-01 19:40:04.479798+01:00,69.75
2025-11-01 19:45:04.531847+01:00,69.89
2025-11-01 19:50:04.573861+01:00,69.48
2025-11-01 19:55:04.631711+01:00,69.39
2025-11-01 20:00:04.685736+01:00,69.69
2025-11-01 20:05:04.731247+01:00,69.59
2025-11-01 20:10:04.797850+01:00,69.39
2025-11-01 20:15:04.854745+01:00,69.48
2025-11-01 20:20:04.936917+01:00,69.39
2025-11-01 20:25:04.980443+01:00,69.28
2025-11-01 20:30:05.049999+01:00,68.98
2025-11-01 20:35:05.084544+01:00,68.88
2025-11-01 20:40:05.106843+01:00,68.58
2025-11-01 20:50:05.206967+01:00,68.68
2025-11-01 20:55:05.268485+01:00,68.48
2025-11-01 21:00:05.310284+01:00,68.38
2025-11-01 21:05:05.364281+01:00,68.28
2025-11-01 21:10:05.421417+01:00,68.38
2025-11-01 21:14:43.315671+01:00,69.45
2025-11-01 21:24:43.397223+01:00,70.16
2025-11-01 21:29:43.448375+01:00,70.56
2025-11-01 21:34:43.494973+01:00,70.69
2025-11-01 21:39:43.543967+01:00,70.99
2025-11-01 21:44:43.586941+01:00,70.79
2025-11-01 21:47:50.735757+01:00,71.9
2025-11-01 21:52:50.814954+01:00,71.09
2025-11-01 21:57:50.854226+01:00,71.49
2025-11-01 22:02:50.909036+01:00,71.6
2025-11-01 22:07:50.961627+01:00,71.9
2025-11-01 22:12:51.044691+01:00,71.79
2025-11-01 22:17:51.135457+01:00,71.99
2025-11-01 22:22:51.165535+01:00,72.19
2025-11-01 22:27:51.219795+01:00,71.99
2025-11-01 22:32:51.291760+01:00,71.9
2025-11-01 22:37:51.336099+01:00,71.99
2025-11-01 22:42:51.378850+01:00,72.1
2025-11-01 22:47:51.437467+01:00,71.69
2025-11-01 22:52:51.472869+01:00,72.19
2025-11-01 22:57:51.523944+01:00,72.1
2025-11-01 23:07:51.630822+01:00,71.99
2025-11-01 23:12:51.727026+01:00,72.19
2025-11-01 23:17:51.825012+01:00,72.1
2025-11-01 23:42:52.128644+01:00,73.0
2025-11-01 23:44:07.092963+01:00,71.9
2025-11-01 23:49:07.151253+01:00,72.4
2025-11-01 23:59:07.268462+01:00,72.6
2025-11-02 00:04:07.310093+01:00,71.79
2025-11-02 00:09:07.365888+01:00,71.49
2025-11-02 00:14:07.398342+01:00,71.4
2025-11-02 00:24:07.556422+01:00,71.29
2025-11-02 00:29:07.631763+01:00,71.09
2025-11-02 00:39:07.762230+01:00,70.99
2025-11-02 00:49:07.856272+01:00,71.09
2025-11-02 01:04:08.036992+01:00,70.99
2025-11-02 01:09:08.082120+01:00,70.89
2025-11-02 01:14:08.127112+01:00,71.09
2025-11-02 01:19:08.185149+01:00,70.89
2025-11-02 01:24:08.245001+01:00,70.69
2025-11-02 01:25:40.081261+01:00,71.9
2025-11-02 01:26:30.260720+01:00,70.89
2025-11-02 01:36:30.406295+01:00,70.99
2025-11-02 01:46:30.453130+01:00,71.29
2025-11-02 01:51:30.525140+01:00,71.09
2025-11-02 01:56:30.556195+01:00,71.29
2025-11-02 02:01:30.614254+01:00,71.19
2025-11-02 02:06:30.662033+01:00,71.29
2025-11-02 02:21:30.804968+01:00,71.19
2025-11-02 02:31:30.920566+01:00,70.99
2025-11-02 02:36:30.989649+01:00,71.19
2025-11-02 02:41:31.015768+01:00,70.69
2025-11-02 02:46:31.077698+01:00,70.59
2025-11-02 02:51:31.130630+01:00,70.29
2025-11-02 03:01:31.222820+01:00,70.09
2025-11-02 03:06:31.265785+01:00,69.99
2025-11-02 03:21:31.403441+01:00,69.89
2025-11-02 03:26:31.446815+01:00,69.69
2025-11-02 03:41:31.628112+01:00,69.59
2025-11-02 03:46:31.687599+01:00,69.48
2025-11-02 03:51:31.733837+01:00,69.39
2025-11-02 03:56:31.807727+01:00,69.28
2025-11-02 04:06:31.940449+01:00,69.08
2025-11-02 04:11:31.984119+01:00,68.98
2025-11-02 04:21:32.116003+01:00,68.88
2025-11-02 04:31:32.231083+01:00,68.78
2025-11-02 04:36:32.294865+01:00,68.68
2025-11-02 04:51:32.471241+01:00,68.58
2025-11-02 05:01:32.548745+01:00,68.48
2025-11-02 05:16:32.735993+01:00,68.18
2025-11-02 05:21:32.814271+01:00,68.08
2025-11-02 05:31:32.929868+01:00,67.98
2025-11-02 05:36:32.992178+01:00,67.88
2025-11-02 05:41:33.007047+01:00,67.78
2025-11-02 05:51:33.077488+01:00,67.57
2025-11-02 05:56:33.119926+01:00,67.48
2025-11-02 06:01:33.152822+01:00,67.57
2025-11-02 06:06:33.218046+01:00,67.28
2025-11-02 06:11:33.296864+01:00,67.18
2025-11-02 06:16:33.336446+01:00,67.28
2025-11-02 06:21:33.384228+01:00,67.18
2025-11-02 06:26:33.451016+01:00,67.07
2025-11-02 06:31:33.490213+01:00,66.98
2025-11-02 06:36:33.543002+01:00,66.87
2025-11-02 06:41:33.598266+01:00,66.77
2025-11-02 06:51:33.660745+01:00,66.57
2025-11-02 06:56:33.717092+01:00,66.47
2025-11-02 07:06:33.832438+01:00,66.37
2025-11-02 07:16:33.950516+01:00,66.27
2025-11-02 07:21:34.011151+01:00,66.07
2025-11-02 07:31:34.108569+01:00,65.97
2025-11-02 07:41:34.236251+01:00,65.77
2025-11-02 07:51:34.354205+01:00,65.67
2025-11-02 08:01:34.455986+01:00,65.57
2025-11-02 08:26:34.766014+01:00,65.36
2025-11-02 08:31:34.830011+01:00,65.27
2025-11-02 08:36:34.900436+01:00,65.47
2025-11-02 08:41:34.932882+01:00,65.27
2025-11-02 08:46:34.985863+01:00,65.36
2025-11-02 08:51:35.025881+01:00,65.17
2025-11-02 08:56:35.070435+01:00,65.36
2025-11-02 09:01:35.124661+01:00,65.17
2025-11-02 09:06:35.192568+01:00,65.27
2025-11-02 09:11:35.232077+01:00,65.07
2025-11-02 09:26:35.344063+01:00,65.17
2025-11-02 09:31:35.390697+01:00,65.07
2025-11-02 09:36:35.452650+01:00,65.17
2025-11-02 09:51:35.616269+01:00,65.07
2025-11-02 09:56:35.654898+01:00,64.97
2025-11-02 10:16:35.925830+01:00,65.07
2025-11-02 10:21:35.961572+01:00,64.97
2025-11-02 10:31:36.043630+01:00,64.86
2025-11-02 10:41:36.138541+01:00,64.77
2025-11-02 10:51:36.233714+01:00,65.36
2025-11-02 10:56:36.248828+01:00,65.67
2025-11-02 11:01:36.305959+01:00,65.87
2025-11-02 11:06:36.340800+01:00,65.77
2025-11-02 11:11:36.423707+01:00,65.27
2025-11-02 11:16:36.435997+01:00,65.07
2025-11-02 11:21:36.495953+01:00,64.97
2025-11-02 11:31:36.610573+01:00,65.17
2025-11-02 11:36:36.681576+01:00,65.07
2025-11-02 11:41:36.732275+01:00,64.86
2025-11-02 11:46:36.815193+01:00,64.77
2025-11-02 11:51:36.851232+01:00,64.57
2025-11-02 11:56:36.880584+01:00,64.46
2025-11-02 12:11:37.054428+01:00,64.36
2025-11-02 12:16:37.102138+01:00,64.27
2025-11-02 12:21:37.202497+01:00,64.16
2025-11-02 12:26:37.253505+01:00,64.06
2025-11-02 12:31:37.284986+01:00,63.96
2025-11-02 12:36:37.318084+01:00,64.33
2025-11-02 12:41:37.367994+01:00,64.43
2025-11-02 12:46:37.423598+01:00,64.24
2025-11-02 12:51:37.506233+01:00,64.13
2025-11-02 13:01:37.611258+01:00,64.03
2025-11-02 13:06:37.640112+01:00,63.93
2025-11-02 13:16:37.760301+01:00,63.86
2025-11-02 13:21:37.814117+01:00,63.76
2025-11-02 13:26:37.865187+01:00,63.66
2025-11-02 13:36:37.943891+01:00,63.56
2025-11-02 13:56:38.171271+01:00,63.46
2025-11-02 14:03:09.549568+01:00,63.56
2025-11-02 14:08:09.586272+01:00,63.63
2025-11-02 14:13:09.626078+01:00,63.56
2025-11-02 14:23:09.724178+01:00,63.46
2025-11-02 14:33:09.821181+01:00,63.36
2025-11-02 14:43:09.894684+01:00,63.26
2025-11-02 14:53:09.984450+01:00,63.16
2025-11-02 14:58:10.037187+01:00,63.06
2025-11-02 15:03:10.071168+01:00,62.96
2025-11-02 15:08:10.146543+01:00,62.86
2025-11-02 15:23:10.331257+01:00,62.76
2025-11-02 15:28:10.414562+01:00,62.65
2025-11-02 15:43:10.582800+01:00,62.56
2025-11-02 15:48:10.660547+01:00,62.45
2025-11-02 15:58:10.763242+01:00,62.36
2025-11-02 16:08:10.934033+01:00,62.25
2025-11-02 16:18:11.014131+01:00,62.15
2025-11-02 16:23:11.080608+01:00,62.06
2025-11-02 16:33:11.182250+01:00,61.95
2025-11-02 16:43:11.269346+01:00,61.75
2025-11-02 16:48:11.333400+01:00,61.65
2025-11-02 16:53:11.388110+01:00,62.45
2025-11-02 16:54:09.253637+01:00,63.56
2025-11-02 16:58:30.228713+01:00,64.57
2025-11-02 17:03:30.257131+01:00,65.36
2025-11-02 17:18:30.422123+01:00,65.67
2025-11-02 17:28:30.550495+01:00,65.87
2025-11-02 17:33:30.604870+01:00,65.97
2025-11-02 17:38:30.651227+01:00,66.07
2025-11-02 17:43:30.668854+01:00,66.17
2025-11-02 17:48:30.717555+01:00,66.27
2025-11-02 17:58:30.839259+01:00,66.37
2025-11-02 18:03:30.904745+01:00,66.47
2025-11-02 18:08:30.986070+01:00,66.57
2025-11-02 18:18:31.088540+01:00,66.37
2025-11-02 18:28:31.188220+01:00,66.67
2025-11-02 18:38:31.336203+01:00,66.57
2025-11-02 18:53:31.518535+01:00,66.77
2025-11-02 18:58:31.569034+01:00,66.57
2025-11-02 19:08:31.685642+01:00,66.37
2025-11-02 19:13:31.717538+01:00,66.77
2025-11-02 19:18:31.786578+01:00,66.57
2025-11-02 19:28:31.871105+01:00,66.47
2025-11-02 19:38:31.977955+01:00,66.37
2025-11-02 19:53:32.113815+01:00,66.27
2025-11-02 20:08:32.277746+01:00,66.07
2025-11-02 20:18:32.358114+01:00,65.87
2025-11-02 20:33:32.503512+01:00,65.57
2025-11-02 20:43:32.563223+01:00,65.67
2025-11-02 20:48:32.616194+01:00,65.36
2025-11-02 20:53:32.671228+01:00,65.97
2025-11-02 21:08:32.808176+01:00,66.07
2025-11-02 21:13:32.874163+01:00,65.97
2025-11-02 21:23:32.983004+01:00,65.67
2025-11-02 21:28:33.053005+01:00,65.7
2025-11-02 21:33:33.124464+01:00,65.3
2025-11-02 21:38:33.184694+01:00,65.4
2025-11-02 21:43:33.254185+01:00,65.2
2025-11-02 21:58:33.391809+01:00,65.1
2025-11-02 22:03:33.437646+01:00,64.69
2025-11-02 22:08:33.476980+01:00,64.6
2025-11-02 22:13:33.542172+01:00,64.49
2025-11-02 22:23:33.637312+01:00,64.6
2025-11-02 22:28:33.683448+01:00,64.49
2025-11-02 22:33:33.776035+01:00,64.39
2025-11-02 22:43:33.848728+01:00,64.3
2025-11-02 22:48:33.899079+01:00,64.6
2025-11-02 22:53:33.919254+01:00,64.39
2025-11-02 22:58:33.979781+01:00,64.19
2025-11-02 23:00:57.793192+01:00,64.19
2025-11-02 23:03:34.035884+01:00,64.3
2025-11-02 23:08:34.049083+01:00,64.19
2025-11-02 23:13:34.084248+01:00,63.89
2025-11-02 23:18:34.130065+01:00,63.99
2025-11-02 23:23:34.186548+01:00,63.89
2025-11-02 23:33:34.228563+01:00,63.69
2025-11-02 23:38:34.265787+01:00,63.79
2025-11-02 23:48:34.348686+01:00,63.69
2025-11-02 23:58:34.453068+01:00,63.99
2025-11-03 00:03:34.522880+01:00,63.59
2025-11-03 00:08:34.565938+01:00,64.1
2025-11-03 00:13:34.617668+01:00,63.89
2025-11-03 00:18:34.673551+01:00,63.59
2025-11-03 00:23:34.708394+01:00,63.49
2025-11-03 00:28:34.751079+01:00,63.99
2025-11-03 00:38:34.837748+01:00,63.89
2025-11-03 00:48:34.938078+01:00,64.3
2025-11-03 00:53:34.993047+01:00,64.6
2025-11-03 00:58:35.053972+01:00,64.49
