datetime,temp_int
2025-10-26 02:00:00+02:00,19.31
2025-10-26 02:13:27.528263+02:00,19.3
2025-10-26 02:33:27.842150+02:00,19.31
2025-10-26 02:38:27.906288+02:00,19.29
2025-10-26 02:48:28.053253+02:00,19.3
2025-10-26 02:53:28.103546+02:00,19.26
2025-10-26 02:58:28.163727+02:00,19.29
2025-10-26 02:03:28.220338+01:00,19.26
2025-10-26 02:08:28.290963+01:00,19.25
2025-10-26 02:13:28.363110+01:00,19.26
2025-10-26 02:38:28.792709+01:00,19.25
2025-10-26 02:53:29.030181+01:00,19.23
2025-10-26 02:58:29.132732+01:00,19.25
2025-10-26 03:08:29.283651+01:00,19.23
2025-10-26 03:18:29.421979+01:00,19.22
2025-10-26 03:23:29.493153+01:00,19.23
2025-10-26 03:33:29.677383+01:00,19.22
2025-10-26 03:43:29.821389+01:00,19.21
2025-10-26 03:48:29.889297+01:00,19.19
2025-10-26 03:53:29.961181+01:00,19.21
2025-10-26 03:58:30.026200+01:00,19.22
2025-10-26 04:08:30.185221+01:00,19.21
2025-10-26 04:23:30.396090+01:00,19.19
2025-10-26 04:28:30.479319+01:00,19.21
2025-10-26 04:33:30.558712+01:00,19.19
2025-10-26 04:58:30.979177+01:00,19.21
2025-10-26 05:03:31.057659+01:00,19.18
2025-10-26 05:13:31.201963+01:00,19.19
2025-10-26 05:18:31.279813+01:00,19.16
2025-10-26 05:23:31.355333+01:00,19.18
2025-10-26 05:43:31.623411+01:00,19.16
2025-10-26 05:53:31.832173+01:00,19.15
2025-10-26 05:58:31.920800+01:00,19.18
2025-10-26 06:03:32.006256+01:00,19.16
2025-10-26 06:23:32.288527+01:00,19.15
2025-10-26 06:43:32.591545+01:00,19.16
2025-10-26 06:53:32.790741+01:00,19.15
2025-10-26 07:13:33.085619+01:00,19.14
2025-10-26 07:23:33.268226+01:00,19.15
2025-10-26 07:28:33.333374+01:00,19.14
2025-10-26 07:53:33.687189+01:00,19.12
2025-10-26 08:13:33.947282+01:00,19.14
2025-10-26 08:33:34.254252+01:00,19.12
2025-10-26 08:38:34.330801+01:00,19.14
2025-10-26 08:43:34.426246+01:00,19.12
2025-10-26 08:53:34.605144+01:00,19.14
2025-10-26 08:58:34.663235+01:00,19.12
2025-10-26 09:18:34.997218+01:00,19.11
2025-10-26 09:23:35.067920+01:00,19.12
2025-10-26 09:48:35.476971+01:00,19.14
2025-10-26 09:53:35.568774+01:00,19.11
2025-10-26 09:58:35.631961+01:00,19.12
2025-10-26 10:13:35.914741+01:00,19.11
2025-10-26 10:38:36.284099+01:00,19.12
2025-10-26 10:43:36.343183+01:00,19.11
2025-10-26 10:53:36.524911+01:00,19.12
2025-10-26 10:58:36.604878+01:00,19.14
2025-10-26 11:08:36.775307+01:00,19.12
2025-10-26 11:13:36.843450+01:00,19.14
2025-10-26 11:23:37.001398+01:00,19.12
2025-10-26 11:28:37.052750+01:00,19.14
2025-10-26 11:33:37.132341+01:00,19.12
2025-10-26 11:48:37.407328+01:00,19.14
2025-10-26 11:53:37.485950+01:00,19.12
2025-10-26 12:13:37.745751+01:00,19.14
2025-10-26 12:33:38.109453+01:00,19.15
2025-10-26 12:38:38.177902+01:00,19.16
2025-10-26 12:48:38.293614+01:00,19.19
2025-10-26 12:53:38.394398+01:00,19.21
2025-10-26 12:58:38.484261+01:00,19.19
2025-10-26 13:03:38.572762+01:00,19.21
2025-10-26 13:18:38.783139+01:00,19.19
2025-10-26 13:23:38.871863+01:00,19.21
2025-10-26 13:33:39.017996+01:00,19.19
2025-10-26 13:43:39.120793+01:00,19.18
2025-10-26 13:58:39.316900+01:00,19.19
2025-10-26 14:03:39.391411+01:00,19.18
2025-10-26 14:13:39.559506+01:00,19.19
2025-10-26 14:18:39.624341+01:00,19.16
2025-10-26 14:23:39.704204+01:00,19.19
2025-10-26 14:33:39.844908+01:00,19.18
2025-10-26 14:38:39.926815+01:00,19.19
2025-10-26 14:43:39.996618+01:00,19.18
2025-10-26 14:48:40.062699+01:00,19.19
2025-10-26 14:53:40.166035+01:00,19.18
2025-10-26 15:03:40.329280+01:00,19.19
2025-10-26 15:08:40.377929+01:00,19.21
2025-10-26 15:13:40.445087+01:00,19.19
2025-10-26 15:33:40.782062+01:00,19.18
2025-10-26 15:38:40.841619+01:00,19.19
2025-10-26 15:43:40.924970+01:00,19.18
2025-10-26 16:08:41.341062+01:00,19.16
2025-10-26 16:28:41.661391+01:00,19.15
2025-10-26 16:43:41.899931+01:00,19.14
2025-10-26 16:53:42.077996+01:00,19.12
2025-10-26 17:18:42.526587+01:00,19.11
2025-10-26 17:23:42.599129+01:00,19.12
2025-10-26 17:33:42.749692+01:00,19.11
2025-10-26 17:48:42.936216+01:00,19.08
2025-10-26 17:58:43.073987+01:00,19.07
2025-10-26 18:08:43.251238+01:00,19.08
2025-10-26 18:18:43.421829+01:00,19.07
2025-10-26 18:23:43.512319+01:00,19.08
2025-10-26 18:28:43.589304+01:00,19.07
2025-10-26 18:43:43.783076+01:00,19.06
2025-10-26 18:48:43.874082+01:00,19.07
2025-10-26 19:08:44.204454+01:00,19.06
2025-10-26 19:13:44.299201+01:00,19.07
2025-10-26 19:18:44.358976+01:00,19.06
2025-10-26 19:23:44.468669+01:00,19.07
2025-10-26 19:28:44.535587+01:00,19.06
2025-10-26 19:33:44.636970+01:00,19.04
2025-10-26 19:38:44.736715+01:00,19.06
2025-10-26 19:43:44.825556+01:00,19.07
2025-10-26 19:48:44.883780+01:00,19.08
2025-10-26 19:53:44.989608+01:00,19.11
2025-10-26 20:03:45.120907+01:00,19.14
2025-10-26 20:08:45.230273+01:00,19.15
2025-10-26 20:13:45.310884+01:00,19.14
2025-10-26 20:18:45.372779+01:00,19.16
2025-10-26 20:28:45.511695+01:00,19.19
2025-10-26 20:33:45.541418+01:00,19.21
2025-10-26 20:38:45.634728+01:00,19.22
2025-10-26 20:48:45.807334+01:00,19.23
2025-10-26 20:53:45.888434+01:00,19.25
2025-10-26 20:58:45.975592+01:00,19.3
2025-10-26 21:03:46.026714+01:00,19.31
2025-10-26 21:08:46.113151+01:00,19.33
2025-10-26 21:18:46.228455+01:00,19.31
2025-10-26 21:28:46.416210+01:00,19.3
2025-10-26 21:33:46.480657+01:00,19.31
2025-10-26 21:38:46.574222+01:00,19.29
2025-10-26 21:53:46.744646+01:00,19.3
2025-10-26 21:58:46.819929+01:00,19.29
2025-10-26 22:03:46.898728+01:00,19.26
2025-10-26 22:13:46.982665+01:00,19.23
2025-10-26 22:28:47.260936+01:00,19.22
2025-10-26 22:38:47.438773+01:00,19.21
2025-10-26 22:43:47.496551+01:00,19.19
2025-10-26 22:53:47.626718+01:00,19.18
2025-10-26 23:18:48.019928+01:00,19.16
2025-10-26 23:23:48.089063+01:00,19.15
2025-10-26 23:33:48.252219+01:00,19.18
2025-10-26 23:38:48.346573+01:00,19.16
2025-10-26 23:53:48.573987+01:00,19.15
2025-10-26 23:58:48.656868+01:00,19.14
2025-10-27 00:03:48.721704+01:00,19.15
2025-10-27 00:08:48.792571+01:00,19.14
2025-10-27 00:13:48.899087+01:00,19.15
2025-10-27 00:18:48.969510+01:00,19.14
2025-10-27 00:28:49.152196+01:00,19.15
2025-10-27 00:33:49.221334+01:00,19.14
2025-10-27 00:43:49.338705+01:00,19.15
2025-10-27 00:53:49.451070+01:00,19.14
2025-10-27 00:58:49.497223+01:00,19.15
2025-10-27 01:13:49.716101+01:00,19.14
2025-10-27 01:23:49.844190+01:00,19.15
2025-10-27 01:33:50.008229+01:00,19.14
2025-10-27 01:43:50.152109+01:00,19.15
2025-10-27 01:53:50.285292+01:00,19.14
2025-10-27 01:58:50.354876+01:00,19.12
2025-10-27 02:03:50.441024+01:00,19.14
2025-10-27 02:33:50.953620+01:00,19.15
2025-10-27 02:38:51.028632+01:00,19.12
2025-10-27 02:43:51.098033+01:00,19.14
2025-10-27 02:58:51.299738+01:00,19.12
2025-10-27 03:03:51.375849+01:00,19.14
2025-10-27 03:08:51.470685+01:00,19.12
2025-10-27 03:13:51.547861+01:00,19.14
2025-10-27 03:28:51.814773+01:00,19.12
2025-10-27 03:33:51.896214+01:00,19.15
2025-10-27 03:38:51.954252+01:00,19.14
2025-10-27 03:43:52.018889+01:00,19.12
2025-10-27 04:03:52.296945+01:00,19.14
2025-10-27 04:28:52.696589+01:00,19.12
2025-10-27 04:53:53.026103+01:00,19.14
2025-10-27 04:58:53.086258+01:00,19.12
2025-10-27 05:03:53.195688+01:00,19.14
2025-10-27 05:08:53.290162+01:00,19.12
2025-10-27 05:13:53.382827+01:00,19.14
2025-10-27 05:58:54.050684+01:00,19.12
2025-10-27 06:03:54.124101+01:00,19.14
2025-10-27 06:18:54.373220+01:00,19.12
2025-10-27 06:23:54.444744+01:00,19.14
2025-10-27 06:33:54.564050+01:00,19.12
2025-10-27 06:38:54.630902+01:00,19.14
2025-10-27 06:48:54.811208+01:00,19.12
2025-10-27 06:53:54.896467+01:00,19.14
2025-10-27 06:58:54.941243+01:00,19.12
2025-10-27 07:08:55.115942+01:00,19.15
2025-10-27 07:13:55.205830+01:00,19.14
2025-10-27 07:28:55.408263+01:00,19.12
2025-10-27 08:03:55.878744+01:00,19.11
2025-10-27 08:13:56.051113+01:00,19.12
2025-10-27 08:18:56.133870+01:00,19.11
2025-10-27 08:28:56.310039+01:00,19.12
2025-10-27 09:18:57.002385+01:00,19.11
2025-10-27 09:23:57.065225+01:00,19.12
2025-10-27 09:43:57.407128+01:00,19.14
2025-10-27 09:53:57.561278+01:00,19.12
2025-10-27 09:58:57.643347+01:00,19.14
2025-10-27 10:08:57.794772+01:00,19.12
2025-10-27 10:13:57.873800+01:00,19.14
2025-10-27 10:28:58.090093+01:00,19.12
2025-10-27 10:33:58.156099+01:00,19.11
2025-10-27 10:38:58.216393+01:00,19.12
2025-10-27 10:43:58.302936+01:00,19.14
2025-10-27 10:48:58.392362+01:00,19.12
2025-10-27 11:03:58.618594+01:00,19.11
2025-10-27 11:18:58.865323+01:00,19.12
2025-10-27 11:28:59.067886+01:00,19.11
2025-10-27 11:33:59.154212+01:00,19.12
2025-10-27 11:38:59.254743+01:00,19.11
2025-10-27 11:48:59.395311+01:00,19.12
2025-10-27 12:23:59.957893+01:00,19.11
2025-10-27 12:29:00.007763+01:00,19.12
2025-10-27 12:34:00.092761+01:00,19.14
2025-10-27 12:39:00.187433+01:00,19.12
2025-10-27 12:49:00.350412+01:00,19.11
2025-10-27 13:04:00.526592+01:00,19.12
2025-10-27 13:14:00.699110+01:00,19.14
2025-10-27 13:19:00.761145+01:00,19.12
2025-10-27 14:14:01.557881+01:00,19.15
2025-10-27 14:19:01.635094+01:00,19.16
2025-10-27 14:24:01.710522+01:00,19.18
2025-10-27 14:29:01.768196+01:00,19.21
2025-10-27 14:39:01.905602+01:00,19.25
2025-10-27 14:44:01.987576+01:00,19.26
2025-10-27 14:49:02.071748+01:00,19.3
2025-10-27 14:54:02.143077+01:00,19.31
2025-10-27 14:59:02.226005+01:00,19.33
2025-10-27 15:04:02.280780+01:00,19.36
2025-10-27 15:09:02.355920+01:00,19.38
2025-10-27 15:24:02.573091+01:00,19.4
2025-10-27 15:29:02.632840+01:00,19.38
2025-10-27 15:49:02.876671+01:00,19.4
2025-10-27 15:54:02.974753+01:00,19.37
2025-10-27 16:04:03.070413+01:00,19.38
2025-10-27 16:09:03.111743+01:00,19.37
2025-10-27 16:19:03.262370+01:00,19.38
2025-10-27 16:24:03.319731+01:00,19.37
2025-10-27 16:44:03.607944+01:00,19.36
2025-10-27 16:49:03.682133+01:00,19.34
2025-10-27 16:59:03.831607+01:00,19.31
2025-10-27 17:14:04.020784+01:00,19.3
2025-10-27 17:19:04.126430+01:00,19.29
2025-10-27 17:29:04.253970+01:00,19.26
2025-10-27 17:39:04.388184+01:00,19.25
2025-10-27 17:49:04.508595+01:00,19.23
2025-10-27 17:54:04.597196+01:00,19.25
2025-10-27 17:59:04.658457+01:00,19.26
2025-10-27 18:19:04.928722+01:00,19.29
2025-10-27 18:29:05.085615+01:00,19.3
2025-10-27 18:34:05.169830+01:00,19.34
2025-10-27 18:44:05.285853+01:00,19.37
2025-10-27 18:49:05.353238+01:00,19.38
2025-10-27 18:54:05.436159+01:00,19.4
2025-10-27 19:19:05.814887+01:00,19.41
2025-10-27 19:24:05.887711+01:00,19.46
2025-10-27 19:29:05.975276+01:00,19.48
2025-10-27 19:34:06.067915+01:00,19.46
2025-10-27 19:44:06.231989+01:00,19.44
2025-10-27 20:04:06.419129+01:00,19.46
2025-10-27 20:14:06.585050+01:00,19.43
2025-10-27 20:24:06.749385+01:00,19.41
2025-10-27 20:34:06.903071+01:00,19.4
2025-10-27 20:44:07.006001+01:00,19.38
2025-10-27 20:54:07.127795+01:00,19.37
2025-10-27 21:04:07.266221+01:00,19.36
2025-10-27 21:24:07.527139+01:00,19.33
2025-10-27 21:29:07.607108+01:00,19.34
2025-10-27 21:34:07.687852+01:00,19.33
2025-10-27 21:39:07.741562+01:00,19.31
2025-10-27 21:44:07.772054+01:00,19.33
2025-10-27 21:49:07.830642+01:00,19.3
2025-10-27 21:59:07.934504+01:00,19.29
2025-10-27 22:04:07.997444+01:00,19.26
2025-10-27 22:14:08.137127+01:00,19.25
2025-10-27 22:19:08.210272+01:00,19.26
2025-10-27 22:34:08.419585+01:00,19.23
2025-10-27 22:44:08.552294+01:00,19.21
2025-10-27 22:49:08.600015+01:00,19.19
2025-10-27 22:59:08.762064+01:00,19.18
2025-10-27 23:04:08.818271+01:00,19.16
2025-10-27 23:14:08.954274+01:00,19.15
2025-10-27 23:24:09.070174+01:00,19.16
2025-10-27 23:29:09.147274+01:00,19.14
2025-10-27 23:34:09.213891+01:00,19.15
2025-10-27 23:39:09.270950+01:00,19.14
2025-10-27 23:44:09.373975+01:00,19.15
2025-10-27 23:49:09.431289+01:00,19.14
2025-10-28 00:04:09.653021+01:00,19.12
2025-10-28 00:09:09.735554+01:00,19.14
2025-10-28 00:24:10.068212+01:00,19.15
2025-10-28 00:33:19.797342+01:00,19.15
2025-10-28 00:34:10.223223+01:00,19.14
2025-10-28 00:39:10.302574+01:00,19.08
2025-10-28 00:49:10.391408+01:00,19.14
2025-10-28 00:54:10.452067+01:00,19.12
2025-10-28 00:59:10.524366+01:00,19.14
2025-10-28 01:04:10.596179+01:00,19.15
2025-10-28 01:09:10.659654+01:00,19.14
2025-10-28 01:14:10.723182+01:00,19.15
2025-10-28 01:24:10.866352+01:00,19.12
2025-10-28 01:29:10.966969+01:00,19.15
2025-10-28 01:34:11.038909+01:00,19.14
2025-10-28 01:39:11.096175+01:00,19.15
2025-10-28 01:49:11.295979+01:00,19.16
2025-10-28 02:09:11.584752+01:00,19.18
2025-10-28 02:14:11.637218+01:00,19.16
2025-10-28 02:19:11.699028+01:00,19.18
2025-10-28 02:24:11.758348+01:00,19.16
2025-10-28 02:29:11.829900+01:00,19.15
2025-10-28 02:34:11.912613+01:00,19.16
2025-10-28 02:39:11.968160+01:00,19.15
2025-10-28 02:44:12.041980+01:00,19.16
2025-10-28 03:04:12.289125+01:00,19.15
2025-10-28 03:09:12.353144+01:00,19.16
2025-10-28 03:29:12.666453+01:00,19.18
2025-10-28 03:34:12.770384+01:00,19.15
2025-10-28 03:39:12.813440+01:00,19.16
2025-10-28 03:49:12.952081+01:00,19.18
2025-10-28 03:54:12.992470+01:00,19.16
2025-10-28 04:09:13.225751+01:00,19.15
2025-10-28 04:14:13.305698+01:00,19.16
2025-10-28 04:24:13.443777+01:00,19.15
2025-10-28 04:34:13.606050+01:00,19.16
2025-10-28 04:39:13.712207+01:00,19.15
2025-10-28 04:43:25.673854+01:00,19.15
2025-10-28 04:49:13.909667+01:00,19.16
2025-10-28 04:54:13.972407+01:00,19.15
2025-10-28 04:59:14.050948+01:00,19.16
2025-10-28 05:04:14.128866+01:00,19.15
2025-10-28 05:34:14.650674+01:00,19.16
2025-10-28 05:39:14.719016+01:00,19.18
2025-10-28 05:44:14.807768+01:00,19.16
2025-10-28 05:49:14.863088+01:00,19.15
2025-10-28 05:54:14.955344+01:00,19.16
2025-10-28 06:19:15.391186+01:00,19.15
2025-10-28 06:24:15.483498+01:00,19.16
2025-10-28 06:39:15.724370+01:00,19.18
2025-10-28 06:49:15.826939+01:00,19.16
2025-10-28 06:59:15.978622+01:00,19.18
2025-10-28 07:14:16.192924+01:00,19.16
2025-10-28 07:24:16.382727+01:00,19.18
2025-10-28 07:39:16.590631+01:00,19.16
2025-10-28 07:44:16.662343+01:00,19.18
2025-10-28 07:49:16.736018+01:00,19.16
2025-10-28 07:54:16.794444+01:00,19.18
2025-10-28 07:59:16.862371+01:00,19.16
2025-10-28 08:04:16.939543+01:00,19.19
2025-10-28 08:09:16.983847+01:00,19.18
2025-10-28 08:24:17.216048+01:00,19.19
2025-10-28 08:29:17.290966+01:00,19.16
2025-10-28 08:34:17.372179+01:00,19.18
2025-10-28 08:44:17.517124+01:00,19.19
2025-10-28 09:14:17.958696+01:00,19.21
2025-10-28 09:24:18.099871+01:00,19.19
2025-10-28 09:29:18.168375+01:00,19.21
2025-10-28 09:34:18.237697+01:00,19.19
2025-10-28 09:44:18.357648+01:00,19.21
2025-10-28 09:59:18.534910+01:00,19.22
2025-10-28 10:04:18.610690+01:00,19.23
2025-10-28 10:09:18.683984+01:00,19.22
2025-10-28 10:24:18.927660+01:00,19.23
2025-10-28 10:29:19.001468+01:00,19.22
2025-10-28 10:44:19.187566+01:00,19.25
2025-10-28 10:59:19.371744+01:00,19.26
2025-10-28 11:44:20.025281+01:00,19.25
2025-10-28 11:59:20.271303+01:00,19.26
2025-10-28 12:04:20.287456+01:00,19.29
2025-10-28 12:09:20.315624+01:00,19.26
2025-10-28 12:14:20.401285+01:00,19.29
2025-10-28 12:19:20.413976+01:00,19.26
2025-10-28 12:24:20.602461+01:00,19.3
2025-10-28 12:29:20.581424+01:00,19.29
2025-10-28 12:39:20.670725+01:00,19.3
2025-10-28 12:44:20.784430+01:00,19.29
2025-10-28 12:49:20.855865+01:00,19.31
2025-10-28 12:54:20.881890+01:00,19.33
2025-10-28 12:59:20.936155+01:00,19.36
2025-10-28 13:09:21.015137+01:00,19.37
2025-10-28 13:19:21.139031+01:00,19.36
2025-10-28 13:34:21.288717+01:00,19.37
2025-10-28 13:44:21.505991+01:00,19.36
2025-10-28 13:54:21.552654+01:00,19.37
2025-10-28 13:59:21.646134+01:00,19.36
2025-10-28 14:09:21.754860+01:00,19.37
2025-10-28 14:14:21.852314+01:00,19.4
2025-10-28 14:19:21.994793+01:00,19.43
2025-10-28 14:24:22.052219+01:00,19.48
2025-10-28 14:29:22.105817+01:00,19.49
2025-10-28 14:30:33.843068+01:00,19.49
2025-10-28 14:34:22.088161+01:00,19.52
2025-10-28 14:39:22.167933+01:00,19.56
2025-10-28 14:44:22.226650+01:00,19.58
2025-10-28 14:49:22.297601+01:00,19.62
2025-10-28 14:54:22.358957+01:00,19.63
2025-10-28 15:04:22.480210+01:00,19.64
2025-10-28 15:19:22.675257+01:00,19.63
2025-10-28 15:29:22.830321+01:00,19.62
2025-10-28 15:34:22.901434+01:00,19.59
2025-10-28 15:39:22.949567+01:00,19.63
2025-10-28 15:49:23.075761+01:00,19.67
2025-10-28 15:54:23.137579+01:00,19.64
2025-10-28 15:59:23.190696+01:00,19.7
2025-10-28 16:04:23.263677+01:00,19.75
2025-10-28 16:09:23.319107+01:00,19.78
2025-10-28 16:14:23.386320+01:00,19.84
2025-10-28 16:19:23.447107+01:00,19.89
2025-10-28 16:24:23.532279+01:00,19.92
2025-10-28 16:29:23.584306+01:00,19.97
2025-10-28 16:34:23.642044+01:00,19.99
2025-10-28 16:39:23.718713+01:00,20.02
2025-10-28 16:44:23.776307+01:00,20.04
2025-10-28 16:49:23.862339+01:00,20.05
2025-10-28 16:54:23.940514+01:00,20.07
2025-10-28 16:59:24.023514+01:00,20.08
2025-10-28 17:04:24.126687+01:00,20.09
2025-10-28 17:09:24.230345+01:00,20.11
2025-10-28 17:14:24.331239+01:00,20.12
2025-10-28 17:19:24.451280+01:00,20.15
2025-10-28 17:24:24.530076+01:00,20.14
2025-10-28 17:29:24.600582+01:00,20.15
2025-10-28 17:39:24.751915+01:00,20.14
2025-10-28 17:49:24.931044+01:00,20.12
2025-10-28 17:54:25.044981+01:00,20.11
2025-10-28 17:59:25.153778+01:00,20.09
2025-10-28 18:04:25.247929+01:00,20.07
2025-10-28 18:14:25.420784+01:00,20.05
2025-10-28 18:19:25.504233+01:00,20.07
2025-10-28 18:24:25.568030+01:00,20.04
2025-10-28 18:29:25.667401+01:00,20.02
2025-10-28 18:39:25.814962+01:00,19.99
2025-10-28 18:44:25.886606+01:00,19.97
2025-10-28 18:49:25.971596+01:00,19.96
2025-10-28 18:54:26.077768+01:00,19.94
2025-10-28 18:59:26.139606+01:00,19.93
2025-10-28 19:09:26.292517+01:00,19.9
2025-10-28 19:14:26.359169+01:00,19.89
2025-10-28 19:24:26.487669+01:00,19.87
2025-10-28 19:34:26.618150+01:00,19.84
2025-10-28 19:39:26.697994+01:00,19.86
2025-10-28 19:44:26.769125+01:00,19.84
2025-10-28 19:54:26.917860+01:00,19.82
2025-10-28 20:04:27.052894+01:00,19.81
2025-10-28 20:09:27.146214+01:00,19.79
2025-10-28 20:14:27.214250+01:00,19.81
2025-10-28 20:19:27.276435+01:00,19.78
2025-10-28 20:29:27.424675+01:00,19.77
2025-10-28 20:39:27.595287+01:00,19.75
2025-10-28 21:04:27.916024+01:00,19.74
2025-10-28 21:19:28.107604+01:00,19.72
2025-10-28 21:34:28.325073+01:00,19.71
2025-10-28 21:44:28.451177+01:00,19.7
2025-10-28 21:54:28.546841+01:00,19.71
2025-10-28 22:04:28.674176+01:00,19.7
2025-10-28 22:19:28.864681+01:00,19.68
2025-10-28 22:24:28.963104+01:00,19.67
2025-10-28 22:59:29.472414+01:00,19.64
2025-10-28 23:09:29.611549+01:00,19.67
2025-10-28 23:14:29.712895+01:00,19.64
2025-10-28 23:59:30.359614+01:00,19.63
2025-10-29 00:14:30.609330+01:00,19.64
2025-10-29 00:19:30.693312+01:00,19.63
2025-10-29 00:29:30.832680+01:00,19.64
2025-10-29 00:34:30.884411+01:00,19.63
2025-10-29 00:39:30.965230+01:00,19.64
2025-10-29 00:44:31.045113+01:00,19.63
2025-10-29 01:24:31.579002+01:00,19.64
2025-10-29 01:29:31.626864+01:00,19.63
2025-10-29 01:39:31.766460+01:00,19.64
2025-10-29 01:54:31.975044+01:00,19.67
2025-10-29 01:59:32.041160+01:00,19.64
2025-10-29 02:19:32.275917+01:00,19.63
2025-10-29 02:44:32.647916+01:00,19.62
2025-10-29 02:54:32.767079+01:00,19.59
2025-10-29 03:04:32.926420+01:00,19.62
2025-10-29 03:09:32.994286+01:00,19.59
2025-10-29 03:39:33.434018+01:00,19.58
2025-10-29 03:44:33.489571+01:00,19.59
2025-10-29 03:54:33.541626+01:00,19.58
2025-10-29 03:59:33.603930+01:00,19.56
2025-10-29 04:04:33.720172+01:00,19.58
2025-10-29 04:14:33.917865+01:00,19.56
2025-10-29 04:19:33.886456+01:00,19.58
2025-10-29 04:24:34.022257+01:00,19.56
2025-10-29 04:34:34.113222+01:00,19.58
2025-10-29 04:39:34.229650+01:00,19.56
2025-10-29 04:54:34.434827+01:00,19.58
2025-10-29 04:59:34.483915+01:00,19.56
2025-10-29 05:04:34.592958+01:00,19.55
2025-10-29 05:14:34.824742+01:00,19.56
2025-10-29 05:29:35.012795+01:00,19.55
2025-10-29 05:34:35.070958+01:00,19.56
2025-10-29 05:44:35.271398+01:00,19.55
2025-10-29 06:04:35.548181+01:00,19.56
2025-10-29 06:09:35.570174+01:00,19.55
2025-10-29 06:14:35.659034+01:00,19.56
2025-10-29 06:19:35.718617+01:00,19.55
2025-10-29 06:59:36.233893+01:00,19.53
2025-10-29 07:14:36.400415+01:00,19.55
2025-10-29 07:19:36.467757+01:00,19.53
2025-10-29 07:24:36.528823+01:00,19.55
2025-10-29 07:29:36.638284+01:00,19.53
2025-10-29 07:34:36.635739+01:00,19.55
2025-10-29 07:39:36.820283+01:00,19.53
2025-10-29 07:49:36.926693+01:00,19.55
2025-10-29 07:54:36.891686+01:00,19.52
2025-10-29 07:59:36.963890+01:00,19.53
2025-10-29 08:04:37.047903+01:00,19.55
2025-10-29 08:09:37.108999+01:00,19.53
2025-10-29 08:24:37.326322+01:00,19.52
2025-10-29 08:29:37.439739+01:00,19.53
2025-10-29 08:34:37.531853+01:00,19.55
2025-10-29 08:39:37.508975+01:00,19.53
2025-10-29 08:54:37.799065+01:00,19.55
2025-10-29 08:59:37.750198+01:00,19.53
2025-10-29 09:14:38.023763+01:00,19.55
2025-10-29 09:29:38.269302+01:00,19.53
2025-10-29 09:39:38.337041+01:00,19.55
2025-10-29 09:44:38.416528+01:00,19.53
2025-10-29 09:54:38.558278+01:00,19.55
2025-10-29 09:59:38.633569+01:00,19.53
2025-10-29 10:04:38.775194+01:00,19.55
2025-10-29 10:09:38.779083+01:00,19.53
2025-10-29 10:54:39.449137+01:00,19.55
2025-10-29 11:09:39.576011+01:00,19.56
2025-10-29 11:19:39.685159+01:00,19.55
2025-10-29 11:24:39.756879+01:00,19.53
2025-10-29 11:28:17.593295+01:00,19.53
2025-10-29 11:34:39.817951+01:00,19.55
2025-10-29 11:39:39.886965+01:00,19.53
2025-10-29 11:59:40.139081+01:00,19.55
2025-10-29 12:09:40.242808+01:00,19.53
2025-10-29 12:29:40.544756+01:00,19.55
2025-10-29 12:44:40.776603+01:00,19.56
2025-10-29 12:54:40.895099+01:00,19.58
2025-10-29 13:09:41.082490+01:00,19.56
2025-10-29 13:14:41.150388+01:00,19.58
2025-10-29 13:24:41.280315+01:00,19.59
2025-10-29 13:39:41.466639+01:00,19.58
2025-10-29 13:44:41.556451+01:00,19.59
2025-10-29 13:54:41.712486+01:00,19.62
2025-10-29 14:09:41.930331+01:00,19.59
2025-10-29 14:14:41.995140+01:00,19.62
2025-10-29 14:24:42.175351+01:00,19.63
2025-10-29 14:29:42.234952+01:00,19.59
2025-10-29 14:34:42.298864+01:00,19.62
2025-10-29 14:39:42.435999+01:00,19.59
2025-10-29 14:44:42.409898+01:00,19.62
2025-10-29 14:49:42.492895+01:00,19.59
2025-10-29 14:59:42.635870+01:00,19.63
2025-10-29 15:04:42.695116+01:00,19.59
2025-10-29 15:09:42.751540+01:00,19.64
2025-10-29 15:14:42.808344+01:00,19.7
2025-10-29 15:19:42.914336+01:00,19.74
2025-10-29 15:24:43.009286+01:00,19.82
2025-10-29 15:29:43.040539+01:00,19.87
2025-10-29 15:34:43.163365+01:00,19.92
2025-10-29 15:39:43.138599+01:00,19.89
2025-10-29 15:49:43.368550+01:00,19.92
2025-10-29 15:54:43.299906+01:00,19.97
2025-10-29 15:59:43.391045+01:00,20.02
2025-10-29 16:04:43.461050+01:00,20.04
2025-10-29 16:09:43.520639+01:00,20.07
2025-10-29 16:14:43.644781+01:00,20.05
2025-10-29 16:19:43.698620+01:00,20.02
2025-10-29 16:24:43.758715+01:00,19.99
2025-10-29 16:34:43.899092+01:00,19.94
2025-10-29 16:44:44.014667+01:00,19.92
2025-10-29 16:54:44.178986+01:00,19.89
2025-10-29 16:59:44.213076+01:00,19.87
2025-10-29 17:04:44.308930+01:00,19.82
2025-10-29 17:09:44.381873+01:00,19.81
2025-10-29 17:19:44.497333+01:00,19.79
2025-10-29 17:24:44.681813+01:00,19.78
2025-10-29 17:29:44.635114+01:00,19.77
2025-10-29 17:34:44.709839+01:00,19.78
2025-10-29 17:39:44.806415+01:00,19.79
2025-10-29 17:59:45.049396+01:00,19.81
2025-10-29 18:04:45.125014+01:00,19.79
2025-10-29 18:09:45.201716+01:00,19.81
2025-10-29 18:14:45.278938+01:00,19.78
2025-10-29 18:19:45.367039+01:00,19.79
2025-10-29 18:24:45.520309+01:00,19.82
2025-10-29 18:29:45.518597+01:00,19.86
2025-10-29 18:34:45.675855+01:00,19.89
2025-10-29 18:39:45.638557+01:00,19.92
2025-10-29 18:44:45.740674+01:00,19.93
2025-10-29 18:49:45.847194+01:00,19.96
2025-10-29 19:09:46.127094+01:00,19.94
2025-10-29 19:14:46.204039+01:00,19.93
2025-10-29 19:29:46.399834+01:00,19.92
2025-10-29 19:34:46.480923+01:00,19.93
2025-10-29 19:39:46.563336+01:00,19.92
2025-10-29 19:44:46.553350+01:00,19.9
2025-10-29 20:09:46.906997+01:00,19.89
2025-10-29 20:34:47.265251+01:00,19.87
2025-10-29 20:44:47.367795+01:00,19.81
2025-10-29 20:49:47.429753+01:00,19.79
2025-10-29 21:14:47.789071+01:00,19.81
2025-10-29 21:34:48.030781+01:00,19.79
2025-10-29 21:39:48.099256+01:00,19.81
2025-10-29 22:04:48.393193+01:00,19.82
2025-10-29 22:09:48.502616+01:00,19.81
2025-10-29 22:19:48.565759+01:00,19.82
2025-10-29 22:24:48.605717+01:00,19.81
2025-10-29 22:34:48.723290+01:00,19.82
2025-10-29 22:39:48.759335+01:00,19.81
2025-10-29 22:44:48.839831+01:00,19.82
2025-10-29 22:49:48.933808+01:00,19.81
2025-10-29 22:54:48.954007+01:00,19.82
2025-10-29 22:59:49.002853+01:00,19.81
2025-10-29 23:09:49.099890+01:00,19.82
2025-10-29 23:14:49.158438+01:00,19.81
2025-10-29 23:19:49.202239+01:00,19.82
2025-10-29 23:29:49.359196+01:00,19.81
2025-10-29 23:31:22.244364+01:00,19.81
2025-10-29 23:44:49.547619+01:00,19.82
2025-10-29 23:49:49.617153+01:00,19.81
2025-10-29 23:59:49.713907+01:00,19.82
2025-10-30 00:04:49.770453+01:00,19.81
2025-10-30 00:14:49.872384+01:00,19.79
2025-10-30 00:19:49.923531+01:00,19.81
2025-10-30 00:29:50.001309+01:00,19.75
2025-10-30 00:34:50.069595+01:00,19.77
2025-10-30 00:49:50.252810+01:00,19.78
2025-10-30 00:54:50.298932+01:00,19.77
2025-10-30 00:59:50.370987+01:00,19.78
2025-10-30 01:04:50.413974+01:00,19.81
2025-10-30 01:09:50.469439+01:00,19.82
2025-10-30 01:14:50.497638+01:00,19.86
2025-10-30 01:19:50.571644+01:00,19.87
2025-10-30 01:29:50.679100+01:00,19.89
2025-10-30 01:34:50.725121+01:00,19.9
2025-10-30 01:44:50.818246+01:00,19.89
2025-10-30 01:59:51.021841+01:00,19.87
2025-10-30 02:14:51.193863+01:00,19.86
2025-10-30 02:19:51.236720+01:00,19.82
2025-10-30 02:24:51.294735+01:00,19.84
2025-10-30 02:29:51.370871+01:00,19.82
2025-10-30 02:39:51.503375+01:00,19.81
2025-10-30 03:04:51.777896+01:00,19.79
2025-10-30 03:29:52.116374+01:00,19.78
2025-10-30 03:34:52.169053+01:00,19.77
2025-10-30 03:39:52.235259+01:00,19.78
2025-10-30 03:49:52.352718+01:00,19.77
2025-10-30 04:09:52.616791+01:00,19.75
2025-10-30 04:14:52.658472+01:00,19.77
2025-10-30 04:19:52.704418+01:00,19.75
2025-10-30 04:24:52.808918+01:00,19.77
2025-10-30 04:34:52.916589+01:00,19.75
2025-10-30 04:39:52.956273+01:00,19.74
2025-10-30 04:44:53.050855+01:00,19.75
2025-10-30 04:49:53.102893+01:00,19.74
2025-10-30 05:09:53.435864+01:00,19.72
2025-10-30 05:39:53.775136+01:00,19.71
2025-10-30 05:54:54.072421+01:00,19.7
2025-10-30 05:59:54.130791+01:00,19.68
2025-10-30 06:24:54.359904+01:00,19.67
2025-10-30 06:29:54.444696+01:00,19.68
2025-10-30 06:38:16.443626+01:00,19.68
2025-10-30 06:39:54.605990+01:00,19.67
2025-10-30 06:54:54.717938+01:00,19.64
2025-10-30 07:09:54.859373+01:00,19.63
2025-10-30 07:14:54.930971+01:00,19.64
2025-10-30 07:19:54.989592+01:00,19.63
2025-10-30 07:44:55.346121+01:00,19.62
2025-10-30 07:49:55.411661+01:00,19.63
2025-10-30 07:59:55.548838+01:00,19.62
2025-10-30 08:14:55.702590+01:00,19.59
2025-10-30 08:19:55.777200+01:00,19.62
2025-10-30 08:29:55.917901+01:00,19.59
2025-10-30 08:34:55.997543+01:00,19.62
2025-10-30 08:49:56.201855+01:00,19.59
2025-10-30 08:54:56.228245+01:00,19.62
2025-10-30 09:14:56.497375+01:00,19.59
2025-10-30 09:19:56.540374+01:00,19.62
2025-10-30 09:49:56.919664+01:00,19.59
2025-10-30 09:54:56.986569+01:00,19.62
2025-10-30 10:09:57.120982+01:00,19.59
2025-10-30 10:14:57.168062+01:00,19.62
2025-10-30 10:24:57.318592+01:00,19.63
2025-10-30 10:29:57.372754+01:00,19.62
2025-10-30 10:34:57.461146+01:00,19.58
2025-10-30 10:44:57.572073+01:00,19.55
2025-10-30 10:54:57.666972+01:00,19.53
2025-10-30 11:04:57.817659+01:00,19.55
2025-10-30 11:14:57.938556+01:00,19.53
2025-10-30 11:24:58.075890+01:00,19.55
2025-10-30 11:34:58.208163+01:00,19.56
2025-10-30 11:39:58.278075+01:00,19.55
2025-10-30 11:44:58.356108+01:00,19.58
2025-10-30 12:14:31.652986+01:00,19.59
2025-10-30 12:14:58.763940+01:00,19.62
2025-10-30 12:19:19.657739+01:00,19.62
2025-10-30 12:19:58.854292+01:00,19.63
2025-10-30 12:24:58.915714+01:00,19.59
2025-10-30 12:29:59.197940+01:00,19.62
2025-10-30 12:38:59.048129+01:00,19.62
2025-10-30 12:39:59.096996+01:00,19.63
2025-10-30 12:48:22.538264+01:00,19.63
2025-10-30 12:51:48.326902+01:00,19.63
2025-10-30 12:57:06.578537+01:00,19.63
2025-10-30 12:59:59.330513+01:00,19.62
2025-10-30 13:03:43.623239+01:00,19.62
2025-10-30 13:09:59.497773+01:00,19.64
2025-10-30 13:19:59.762853+01:00,19.63
2025-10-30 13:24:59.882851+01:00,19.64
2025-10-30 13:30:00.008463+01:00,19.63
2025-10-30 13:35:00.103479+01:00,19.64
2025-10-30 13:39:59.702553+01:00,19.67
2025-10-30 13:44:59.799413+01:00,19.64
2025-10-30 13:49:59.858943+01:00,19.67
2025-10-30 14:00:00.004614+01:00,19.68
2025-10-30 14:05:00.076029+01:00,19.64
2025-10-30 14:15:00.216121+01:00,19.67
2025-10-30 14:20:00.301329+01:00,19.68
2025-10-30 14:25:00.344622+01:00,19.72
2025-10-30 14:30:00.421343+01:00,19.74
2025-10-30 14:40:00.555871+01:00,19.75
2025-10-30 14:45:00.614068+01:00,19.78
2025-10-30 14:50:00.687071+01:00,19.79
2025-10-30 14:55:00.773349+01:00,19.81
2025-10-30 15:00:00.826941+01:00,19.79
2025-10-30 15:05:00.875814+01:00,19.78
2025-10-30 15:10:00.892771+01:00,19.81
2025-10-30 15:25:01.052773+01:00,19.79
2025-10-30 15:30:01.114717+01:00,19.78
2025-10-30 15:35:01.158134+01:00,19.79
2025-10-30 15:50:01.327359+01:00,19.77
2025-10-30 16:05:01.475291+01:00,19.75
2025-10-30 16:10:01.523283+01:00,19.77
2025-10-30 16:15:01.592258+01:00,19.75
2025-10-30 16:25:01.685302+01:00,19.74
2025-10-30 16:35:01.798463+01:00,19.72
2025-10-30 16:40:01.863335+01:00,19.74
2025-10-30 16:50:01.973226+01:00,19.72
2025-10-30 16:55:02.029895+01:00,19.71
2025-10-30 17:00:02.089750+01:00,19.7
2025-10-30 17:20:02.359716+01:00,19.68
2025-10-30 17:30:02.482192+01:00,19.67
2025-10-30 17:35:02.577271+01:00,19.68
2025-10-30 17:45:02.696605+01:00,19.67
2025-10-30 17:50:02.738134+01:00,19.71
2025-10-30 17:55:02.784131+01:00,19.75
2025-10-30 18:00:02.824917+01:00,19.81
2025-10-30 18:05:02.874590+01:00,19.92
2025-10-30 18:10:02.956859+01:00,20.09
2025-10-30 18:15:03.055685+01:00,20.25
2025-10-30 18:20:03.130190+01:00,20.34
2025-10-30 18:25:03.183329+01:00,20.41
2025-10-30 18:30:03.270994+01:00,20.45
2025-10-30 18:35:03.320683+01:00,20.49
2025-10-30 18:40:03.378178+01:00,20.51
2025-10-30 18:45:03.454008+01:00,20.54
2025-10-30 18:50:03.524429+01:00,20.62
2025-10-30 18:55:03.584692+01:00,20.6
2025-10-30 19:00:03.662115+01:00,20.55
2025-10-30 19:05:03.735496+01:00,20.54
2025-10-30 19:10:03.823663+01:00,20.49
2025-10-30 19:15:03.896883+01:00,20.47
2025-10-30 19:20:03.966943+01:00,20.42
2025-10-30 19:25:04.024430+01:00,20.37
2025-10-30 19:30:04.058375+01:00,20.36
2025-10-30 19:35:04.144392+01:00,20.32
2025-10-30 19:40:04.214059+01:00,20.27
2025-10-30 19:45:04.285239+01:00,20.22
2025-10-30 19:50:04.354886+01:00,20.18
2025-10-30 19:55:04.428421+01:00,20.14
2025-10-30 20:05:04.594915+01:00,20.08
2025-10-30 20:15:04.763071+01:00,20.05
2025-10-30 20:20:04.799187+01:00,20.04
2025-10-30 20:25:04.863620+01:00,20.0
2025-10-30 20:40:05.051827+01:00,19.99
2025-10-30 20:50:05.170020+01:00,19.97
2025-10-30 20:55:05.230140+01:00,19.96
2025-10-30 21:00:05.287216+01:00,19.97
2025-10-30 21:15:05.475051+01:00,19.94
2025-10-30 21:25:05.615108+01:00,19.93
2025-10-30 21:30:05.675237+01:00,19.92
2025-10-30 21:35:05.727853+01:00,19.9
2025-10-30 21:50:05.924628+01:00,19.89
2025-10-30 21:55:05.942321+01:00,19.87
2025-10-30 22:10:06.134850+01:00,19.86
2025-10-30 22:25:06.306026+01:00,19.84
2025-10-30 22:35:06.421901+01:00,19.86
2025-10-30 22:45:06.579897+01:00,19.84
2025-10-30 23:10:06.882132+01:00,19.81
2025-10-30 23:15:06.943698+01:00,19.79
2025-10-30 23:20:06.981654+01:00,19.77
2025-10-30 23:25:07.071719+01:00,19.75
2025-10-30 23:30:07.149405+01:00,19.77
2025-10-30 23:40:07.270054+01:00,19.75
2025-10-30 23:50:07.359230+01:00,19.74
2025-10-30 23:55:07.428475+01:00,19.72
2025-10-31 00:00:07.464135+01:00,19.74
2025-10-31 00:10:07.541101+01:00,19.75
2025-10-31 00:25:07.730269+01:00,19.77
2025-10-31 00:30:07.775865+01:00,19.75
2025-10-31 00:50:08.027421+01:00,19.74
2025-10-31 00:55:08.092891+01:00,19.75
2025-10-31 01:10:08.254427+01:00,19.74
2025-10-31 01:15:08.303100+01:00,19.75
2025-10-31 01:25:08.444343+01:00,19.74
2025-10-31 01:35:08.576016+01:00,19.75
2025-10-31 01:40:08.638860+01:00,19.74
2025-10-31 01:50:08.780465+01:00,19.75
2025-10-31 02:10:09.020072+01:00,19.72
2025-10-31 02:25:09.220934+01:00,19.71
2025-10-31 02:30:09.299934+01:00,19.7
2025-10-31 02:35:09.352630+01:00,19.71
2025-10-31 02:45:09.464190+01:00,19.7
2025-10-31 02:50:09.539132+01:00,19.71
2025-10-31 02:55:09.620133+01:00,19.7
2025-10-31 03:00:09.686941+01:00,19.71
2025-10-31 03:10:09.821017+01:00,19.7
2025-10-31 03:20:09.959067+01:00,19.71
2025-10-31 03:25:09.996687+01:00,19.7
2025-10-31 03:40:10.099136+01:00,19.68
2025-10-31 03:45:10.138953+01:00,19.7
2025-10-31 03:50:10.178390+01:00,19.68
2025-10-31 04:05:10.358068+01:00,19.67
2025-10-31 04:10:10.430127+01:00,19.64
2025-10-31 04:15:10.512751+01:00,19.67
2025-10-31 04:30:10.684221+01:00,19.64
2025-10-31 04:45:10.887430+01:00,19.63
2025-10-31 04:50:10.939966+01:00,19.64
2025-10-31 04:55:11.003001+01:00,19.67
2025-10-31 05:00:11.066164+01:00,19.64
2025-10-31 05:10:11.226594+01:00,19.63
2025-10-31 05:40:11.592344+01:00,19.62
2025-10-31 06:00:11.838850+01:00,19.63
2025-10-31 06:05:11.915840+01:00,19.62
2025-10-31 06:20:12.077263+01:00,19.59
2025-10-31 06:30:12.232244+01:00,19.62
2025-10-31 06:35:12.285807+01:00,19.59
2025-10-31 06:40:12.359997+01:00,19.62
2025-10-31 06:45:12.405540+01:00,19.59
2025-10-31 06:50:12.465775+01:00,19.62
2025-10-31 06:55:12.502025+01:00,19.59
2025-10-31 07:25:12.911204+01:00,19.62
2025-10-31 07:30:12.999108+01:00,19.59
2025-10-31 07:45:13.161988+01:00,19.62
2025-10-31 07:50:13.228368+01:00,19.59
2025-10-31 08:05:13.410825+01:00,19.58
2025-10-31 08:25:13.682967+01:00,19.56
2025-10-31 08:50:13.924680+01:00,19.51
2025-10-31 08:55:13.984053+01:00,19.52
2025-10-31 09:05:14.110457+01:00,19.51
2025-10-31 09:10:14.153493+01:00,19.52
2025-10-31 09:15:14.225737+01:00,19.53
2025-10-31 09:20:14.274390+01:00,19.55
2025-10-31 09:25:14.345848+01:00,19.58
2025-10-31 09:30:14.418567+01:00,19.56
2025-10-31 09:35:14.488229+01:00,19.58
2025-10-31 09:40:14.567804+01:00,19.59
2025-10-31 10:00:14.798928+01:00,19.62
2025-10-31 10:10:14.898531+01:00,19.63
2025-10-31 10:15:14.987890+01:00,19.62
2025-10-31 10:20:15.031618+01:00,19.63
2025-10-31 10:30:15.126428+01:00,19.62
2025-10-31 10:50:15.402549+01:00,19.63
2025-10-31 10:55:15.479450+01:00,19.59
2025-10-31 11:00:15.521874+01:00,19.63
2025-10-31 11:05:15.566153+01:00,19.62
2025-10-31 11:10:15.614907+01:00,19.63
2025-10-31 11:25:15.811194+01:00,19.64
2025-10-31 11:30:15.887102+01:00,19.63
2025-10-31 11:35:15.974315+01:00,19.64
2025-10-31 12:10:16.371581+01:00,19.67
2025-10-31 12:15:16.428361+01:00,19.68
2025-10-31 12:20:16.483062+01:00,19.67
2025-10-31 12:30:16.599818+01:00,19.64
2025-10-31 12:35:16.666390+01:00,19.67
2025-10-31 12:40:16.748327+01:00,19.68
2025-10-31 12:45:16.795662+01:00,19.7
2025-10-31 12:55:16.920068+01:00,19.72
2025-10-31 13:00:16.943267+01:00,19.71
2025-10-31 13:15:17.086291+01:00,19.72
2025-10-31 13:45:17.428255+01:00,19.74
2025-10-31 13:50:17.485863+01:00,19.71
2025-10-31 13:55:17.567139+01:00,19.72
2025-10-31 14:00:17.628705+01:00,19.74
2025-10-31 14:05:17.665570+01:00,19.72
2025-10-31 14:30:17.977877+01:00,19.74
2025-10-31 15:00:18.287175+01:00,19.72
2025-10-31 15:05:18.357144+01:00,19.74
2025-10-31 15:10:18.431043+01:00,19.72
2025-10-31 15:15:18.497685+01:00,19.74
2025-10-31 15:25:18.599744+01:00,19.75
2025-10-31 15:30:18.644535+01:00,19.74
2025-10-31 15:40:18.768129+01:00,19.72
2025-10-31 15:45:18.819342+01:00,19.74
2025-10-31 15:55:18.974180+01:00,19.72
2025-10-31 16:00:19.016372+01:00,19.74
2025-10-31 16:05:19.078870+01:00,19.75
2025-10-31 16:10:19.136120+01:00,19.74
2025-10-31 16:20:19.248865+01:00,19.75
2025-10-31 16:25:19.304036+01:00,19.74
2025-10-31 16:30:19.345407+01:00,19.75
2025-10-31 16:35:19.411308+01:00,19.74
2025-10-31 16:40:19.464160+01:00,19.75
2025-10-31 16:45:19.518542+01:00,19.74
2025-10-31 17:00:19.709918+01:00,19.75
2025-10-31 17:15:19.848658+01:00,19.74
2025-10-31 17:25:19.953912+01:00,19.72
2025-10-31 17:30:20.023639+01:00,19.74
2025-10-31 17:35:20.084673+01:00,19.72
2025-10-31 17:45:20.182186+01:00,19.74
2025-10-31 17:50:20.236555+01:00,19.72
2025-10-31 17:55:20.307639+01:00,19.74
2025-10-31 18:05:20.411320+01:00,19.75
2025-10-31 18:10:20.479875+01:00,19.74
2025-10-31 18:20:20.574343+01:00,19.72
2025-10-31 18:25:20.638315+01:00,19.74
2025-10-31 18:45:20.875709+01:00,19.72
2025-10-31 19:00:21.085147+01:00,19.74
2025-10-31 19:10:21.209352+01:00,19.75
2025-10-31 19:25:21.367573+01:00,19.77
2025-10-31 19:30:21.398885+01:00,19.75
2025-10-31 19:40:21.520116+01:00,19.77
2025-10-31 19:45:21.568467+01:00,19.75
2025-10-31 19:50:21.631054+01:00,19.74
2025-10-31 19:55:21.688094+01:00,19.75
2025-10-31 20:10:21.828369+01:00,19.74
2025-10-31 20:15:21.871729+01:00,19.75
2025-10-31 20:20:21.917150+01:00,19.74
2025-10-31 20:25:21.967273+01:00,19.75
2025-10-31 20:30:22.032094+01:00,19.74
2025-10-31 20:40:22.163793+01:00,19.75
2025-10-31 20:50:22.309449+01:00,19.74
2025-10-31 21:05:22.458717+01:00,19.75
2025-10-31 21:10:22.510045+01:00,19.71
2025-10-31 21:15:22.586150+01:00,19.72
2025-10-31 21:25:22.735172+01:00,19.74
2025-10-31 21:30:22.789124+01:00,19.75
2025-10-31 21:50:22.995674+01:00,19.77
2025-10-31 21:55:23.044587+01:00,19.79
2025-10-31 22:05:23.159654+01:00,19.81
2025-10-31 22:10:23.217932+01:00,19.79
2025-10-31 22:15:23.306210+01:00,19.81
2025-10-31 22:20:23.315299+01:00,19.79
2025-10-31 22:25:23.343313+01:00,19.78
2025-10-31 22:35:23.450316+01:00,19.79
2025-10-31 22:40:23.557923+01:00,19.77
2025-10-31 22:45:23.597441+01:00,19.78
2025-10-31 22:55:23.672728+01:00,19.77
2025-10-31 23:00:23.715382+01:00,19.79
2025-10-31 23:05:23.760833+01:00,19.78
2025-10-31 23:25:23.990852+01:00,19.79
2025-10-31 23:35:24.111789+01:00,19.78
2025-10-31 23:45:24.215979+01:00,19.79
2025-11-01 00:05:24.387784+01:00,19.78
2025-11-01 00:15:24.481335+01:00,19.79
2025-11-01 01:00:24.855272+01:00,19.81
2025-11-01 01:15:25.007354+01:00,19.75
2025-11-01 01:20:25.043569+01:00,19.77
2025-11-01 01:30:25.144687+01:00,19.79
2025-11-01 01:35:25.189903+01:00,19.78
2025-11-01 01:40:25.253007+01:00,19.77
2025-11-01 01:45:25.296475+01:00,19.79
2025-11-01 01:50:25.348198+01:00,19.78
2025-11-01 02:25:25.774919+01:00,19.77
2025-11-01 02:30:25.868578+01:00,19.79
2025-11-01 02:33:49.313706+01:00,19.79
2025-11-01 02:35:25.848847+01:00,19.78
2025-11-01 02:40:25.979532+01:00,19.77
2025-11-01 02:55:26.460634+01:00,19.78
2025-11-01 03:20:26.334912+01:00,19.79
2025-11-01 03:25:26.375589+01:00,19.77
2025-11-01 04:15:26.835547+01:00,19.75
2025-11-01 04:20:26.882849+01:00,19.77
2025-11-01 04:40:27.075346+01:00,19.75
2025-11-01 04:45:27.109098+01:00,19.77
2025-11-01 04:50:27.154545+01:00,19.75
2025-11-01 05:10:27.370187+01:00,19.77
2025-11-01 05:15:27.446028+01:00,19.75
2025-11-01 05:20:27.485636+01:00,19.77
2025-11-01 05:25:27.532866+01:00,19.75
2025-11-01 05:35:27.716995+01:00,19.77
2025-11-01 05:40:27.806572+01:00,19.75
2025-11-01 05:45:27.796246+01:00,19.77
2025-11-01 05:50:27.933526+01:00,19.75
2025-11-01 05:55:27.903729+01:00,19.74
2025-11-01 06:00:27.963546+01:00,19.75
2025-11-01 06:20:28.186316+01:00,19.77
2025-11-01 06:25:28.273417+01:00,19.75
2025-11-01 06:30:28.314406+01:00,19.77
2025-11-01 06:40:28.420037+01:00,19.75
2025-11-01 06:48:40.715992+01:00,19.75
2025-11-01 06:50:28.528474+01:00,19.77
2025-11-01 07:05:28.723062+01:00,19.78
2025-11-01 07:10:28.783435+01:00,19.75
2025-11-01 07:15:28.814533+01:00,19.77
2025-11-01 07:30:28.986287+01:00,19.78
2025-11-01 08:05:29.402487+01:00,19.79
2025-11-01 08:15:29.518802+01:00,19.78
2025-11-01 08:25:29.625616+01:00,19.79
2025-11-01 08:35:29.699264+01:00,19.78
2025-11-01 08:40:29.742074+01:00,19.79
2025-11-01 08:55:29.889038+01:00,19.78
2025-11-01 09:00:29.944646+01:00,19.79
2025-11-01 09:20:30.160969+01:00,19.81
2025-11-01 09:25:30.184544+01:00,19.79
2025-11-01 09:30:30.268654+01:00,19.81
2025-11-01 09:35:30.311382+01:00,19.79
2025-11-01 09:40:30.352705+01:00,19.81
2025-11-01 09:55:30.521763+01:00,19.79
2025-11-01 10:00:30.553939+01:00,19.81
2025-11-01 10:05:30.623705+01:00,19.79
2025-11-01 10:10:30.681726+01:00,19.78
2025-11-01 10:30:30.860702+01:00,19.79
2025-11-01 10:35:30.907957+01:00,19.78
2025-11-01 10:50:31.026749+01:00,19.79
2025-11-01 10:55:31.082910+01:00,19.78
2025-11-01 11:00:31.135584+01:00,19.79
2025-11-01 11:05:31.184753+01:00,19.78
2025-11-01 11:10:31.246825+01:00,19.81
2025-11-01 11:25:31.402554+01:00,19.79
2025-11-01 11:30:31.448716+01:00,19.82
2025-11-01 11:40:31.576329+01:00,19.84
2025-11-01 11:50:31.712151+01:00,19.82
2025-11-01 11:55:31.775011+01:00,19.78
2025-11-01 12:05:31.872746+01:00,19.79
2025-11-01 12:10:31.933439+01:00,19.81
2025-11-01 12:20:32.086384+01:00,19.82
2025-11-01 12:25:32.150116+01:00,19.81
2025-11-01 12:35:32.278231+01:00,19.84
2025-11-01 12:40:32.336074+01:00,19.82
2025-11-01 12:45:32.403519+01:00,19.84
2025-11-01 12:50:32.442193+01:00,19.82
2025-11-01 12:55:32.504216+01:00,19.86
2025-11-01 13:00:32.558711+01:00,19.84
2025-11-01 13:15:32.698132+01:00,19.86
2025-11-01 13:20:32.768981+01:00,19.84
2025-11-01 13:30:32.877706+01:00,19.86
2025-11-01 13:35:32.933178+01:00,19.84
2025-11-01 13:45:33.059265+01:00,19.82
2025-11-01 13:50:33.112648+01:00,19.84
2025-11-01 14:15:33.328890+01:00,19.82
2025-11-01 14:20:33.375557+01:00,19.84
2025-11-01 14:25:33.465226+01:00,19.86
2025-11-01 14:30:33.515676+01:00,19.82
2025-11-01 14:35:33.553919+01:00,19.84
2025-11-01 14:40:33.634259+01:00,19.82
2025-11-01 14:50:33.725047+01:00,19.84
2025-11-01 14:55:33.757190+01:00,19.86
2025-11-01 15:05:33.867687+01:00,19.84
2025-11-01 15:30:34.138904+01:00,19.86
2025-11-01 15:40:34.222767+01:00,19.84
2025-11-01 15:45:34.310200+01:00,19.82
2025-11-01 15:55:34.433678+01:00,19.84
2025-11-01 16:00:34.483285+01:00,19.82
2025-11-01 16:05:34.542732+01:00,19.84
2025-11-01 16:10:34.574524+01:00,19.82
2025-11-01 16:25:34.752995+01:00,19.84
2025-11-01 16:40:34.913265+01:00,19.82
2025-11-01 16:45:34.964082+01:00,19.84
2025-11-01 16:50:35.029382+01:00,19.82
2025-11-01 17:05:35.167012+01:00,19.84
2025-11-01 17:15:35.245730+01:00,19.82
2025-11-01 17:35:35.401897+01:00,19.84
2025-11-01 17:40:35.465986+01:00,19.82
2025-11-01 18:15:35.777601+01:00,19.84
2025-11-01 18:20:35.826249+01:00,19.82
2025-11-01 18:55:36.258041+01:00,19.84
2025-11-01 19:00:36.301716+01:00,19.82
2025-11-01 19:05:36.351451+01:00,19.79
2025-11-01 19:15:36.431468+01:00,19.78
2025-11-01 19:20:36.496945+01:00,19.79
2025-11-01 19:30:36.629666+01:00,19.78
2025-11-01 19:55:36.899020+01:00,19.77
2025-11-01 20:30:37.318934+01:00,19.78
2025-11-01 21:00:37.570905+01:00,19.77
2025-11-01 21:10:37.694936+01:00,19.78
2025-11-01 21:15:37.730756+01:00,19.81
2025-11-01 21:20:37.769155+01:00,19.82
2025-11-01 21:30:37.868205+01:00,19.78
2025-11-01 21:40:37.957244+01:00,19.77
2025-11-01 21:45:38.007586+01:00,19.75
2025-11-01 21:50:38.090971+01:00,19.72
2025-11-01 22:05:38.252177+01:00,19.74
2025-11-01 22:20:38.447011+01:00,19.75
2025-11-01 22:25:38.485739+01:00,19.74
2025-11-01 22:40:38.648206+01:00,19.75
2025-11-01 22:45:38.700609+01:00,19.74
2025-11-01 22:55:38.794933+01:00,19.72
2025-11-01 23:15:39.073792+01:00,19.71
2025-11-01 23:20:39.149550+01:00,19.74
2025-11-01 23:40:39.397748+01:00,19.72
2025-11-01 23:55:39.584206+01:00,19.74
2025-11-02 00:00:39.623262+01:00,19.72
2025-11-02 00:05:39.662088+01:00,19.74
2025-11-02 00:15:39.776745+01:00,19.71
2025-11-02 00:20:39.849474+01:00,19.72
2025-11-02 00:25:39.921697+01:00,19.71
2025-11-02 00:30:39.999758+01:00,19.72
2025-11-02 00:45:40.164727+01:00,19.71
2025-11-02 00:55:40.276856+01:00,19.72
2025-11-02 01:05:40.387176+01:00,19.74
2025-11-02 01:10:40.423087+01:00,19.71
2025-11-02 01:15:40.490757+01:00,19.72
2025-11-02 01:20:40.554187+01:00,19.74
2025-11-02 01:25:40.614290+01:00,19.71
2025-11-02 01:30:40.683619+01:00,19.7
2025-11-02 01:35:40.748926+01:00,19.74
2025-11-02 01:40:40.764655+01:00,19.72
2025-11-02 01:45:40.796920+01:00,19.75
2025-11-02 02:05:40.994941+01:00,19.77
2025-11-02 02:10:41.037948+01:00,19.75
2025-11-02 02:15:41.079058+01:00,19.77
2025-11-02 02:30:41.268620+01:00,19.75
2025-11-02 02:35:41.323361+01:00,19.77
2025-11-02 02:45:41.421243+01:00,19.75
2025-11-02 02:55:41.514435+01:00,19.74
2025-11-02 03:05:41.615629+01:00,19.75
2025-11-02 03:15:41.701636+01:00,19.74
2025-11-02 03:20:41.743237+01:00,19.75
2025-11-02 03:30:41.851629+01:00,19.77
2025-11-02 03:35:41.914452+01:00,19.74
2025-11-02 04:30:42.558889+01:00,19.75
2025-11-02 04:35:42.635174+01:00,19.74
2025-11-02 05:00:42.893149+01:00,19.72
2025-11-02 05:05:42.938520+01:00,19.74
2025-11-02 05:10:42.993949+01:00,19.72
2025-11-02 05:35:43.305961+01:00,19.74
2025-11-02 05:40:43.342547+01:00,19.72
2025-11-02 06:00:43.483385+01:00,19.74
2025-11-02 06:05:43.564959+01:00,19.72
2025-11-02 06:10:43.628094+01:00,19.74
2025-11-02 06:15:43.675798+01:00,19.72
2025-11-02 06:20:43.716826+01:00,19.74
2025-11-02 06:25:43.784752+01:00,19.72
2025-11-02 06:40:43.933524+01:00,19.71
2025-11-02 06:45:43.969993+01:00,19.72
2025-11-02 06:50:44.003887+01:00,19.71
2025-11-02 07:25:44.385730+01:00,19.72
2025-11-02 07:30:44.450510+01:00,19.71
2025-11-02 07:45:44.624951+01:00,19.7
2025-11-02 07:50:44.685518+01:00,19.71
2025-11-02 08:40:45.285413+01:00,19.7
2025-11-02 08:50:45.367838+01:00,19.71
2025-11-02 08:55:45.419601+01:00,19.7
2025-11-02 09:05:45.522668+01:00,19.71
2025-11-02 10:00:46.045681+01:00,19.7
2025-11-02 10:10:46.182430+01:00,19.71
2025-11-02 10:20:46.304307+01:00,19.72
2025-11-02 10:25:46.351162+01:00,19.71
2025-11-02 10:30:46.386122+01:00,19.72
2025-11-02 11:05:46.696599+01:00,19.74
2025-11-02 11:10:46.770921+01:00,19.72
2025-11-02 11:15:46.785061+01:00,19.74
2025-11-02 11:25:46.881260+01:00,19.75
2025-11-02 11:40:47.073640+01:00,19.74
2025-11-02 11:45:47.140786+01:00,19.75
2025-11-02 11:55:47.229003+01:00,19.77
2025-11-02 12:00:47.273810+01:00,19.75
2025-11-02 12:05:47.324107+01:00,19.77
2025-11-02 12:15:47.448068+01:00,19.78
2025-11-02 12:20:47.537273+01:00,19.77
2025-11-02 12:35:47.652741+01:00,19.81
2025-11-02 12:45:47.765161+01:00,19.79
2025-11-02 12:50:47.845217+01:00,19.81
2025-11-02 13:10:48.032398+01:00,19.79
2025-11-02 13:25:48.205720+01:00,19.78
2025-11-02 13:40:48.361711+01:00,19.77
2025-11-02 13:45:48.405739+01:00,19.78
2025-11-02 13:55:48.510977+01:00,19.77
2025-11-02 13:58:09.508592+01:00,19.78
2025-11-02 14:08:09.579902+01:00,19.79
2025-11-02 14:13:09.619060+01:00,19.78
2025-11-02 14:43:09.887066+01:00,19.77
2025-11-02 15:28:10.394855+01:00,19.78
2025-11-02 15:33:10.464761+01:00,19.77
2025-11-02 15:48:10.646619+01:00,19.75
2025-11-02 15:53:10.713974+01:00,19.77
2025-11-02 15:58:10.742219+01:00,19.75
2025-11-02 16:03:10.815897+01:00,19.77
2025-11-02 16:08:10.903036+01:00,19.75
2025-11-02 16:23:11.057482+01:00,19.74
2025-11-02 16:28:11.102348+01:00,19.75
2025-11-02 16:33:11.156537+01:00,19.77
2025-11-02 16:38:11.272925+01:00,19.75
2025-11-02 16:43:11.244054+01:00,19.74
2025-11-02 16:48:11.309647+01:00,19.75
2025-11-02 17:13:11.535670+01:00,19.74
2025-11-02 17:18:11.596589+01:00,19.72
2025-11-02 17:28:11.718590+01:00,19.71
2025-11-02 17:38:11.825248+01:00,19.68
2025-11-02 17:58:12.010893+01:00,19.64
2025-11-02 18:03:12.069983+01:00,19.68
2025-11-02 18:08:12.146907+01:00,19.64
2025-11-02 18:43:12.602822+01:00,19.63
2025-11-02 19:03:12.798537+01:00,19.64
2025-11-02 19:13:12.900450+01:00,19.63
2025-11-02 19:33:13.105455+01:00,19.62
2025-11-02 19:38:13.166706+01:00,19.63
2025-11-02 19:43:13.188194+01:00,19.62
2025-11-02 19:48:13.234802+01:00,19.59
2025-11-02 19:53:13.283563+01:00,19.62
2025-11-02 20:03:13.400929+01:00,19.59
2025-11-02 20:08:13.442501+01:00,19.58
2025-11-02 20:13:13.488780+01:00,19.59
2025-11-02 20:28:13.622450+01:00,19.58
2025-11-02 20:43:13.742089+01:00,19.59
2025-11-02 20:53:13.857765+01:00,19.62
2025-11-02 20:58:13.899111+01:00,19.59
2025-11-02 21:03:13.946520+01:00,19.58
2025-11-02 21:13:14.046063+01:00,19.56
2025-11-02 21:18:14.097992+01:00,19.55
2025-11-02 21:23:14.161023+01:00,19.56
2025-11-02 21:28:14.221353+01:00,19.55
2025-11-02 21:38:14.363510+01:00,19.53
2025-11-02 21:43:14.436426+01:00,19.52
2025-11-02 21:48:14.493712+01:00,19.53
2025-11-02 21:53:14.524271+01:00,19.52
2025-11-02 22:08:14.659884+01:00,19.55
2025-11-02 22:13:14.725362+01:00,19.53
2025-11-02 22:18:14.753914+01:00,19.52
2025-11-02 22:23:14.817985+01:00,19.53
2025-11-02 22:28:14.863726+01:00,19.52
2025-11-02 22:43:15.030280+01:00,19.51
2025-11-02 22:53:15.101968+01:00,19.49
2025-11-02 22:58:15.159243+01:00,19.51
2025-11-02 23:00:57.760964+01:00,19.51
2025-11-02 23:03:15.220584+01:00,19.49
2025-11-02 23:23:15.373051+01:00,19.51
2025-11-02 23:33:15.406870+01:00,19.49
2025-11-02 23:38:15.450861+01:00,19.51
2025-11-02 23:43:15.516058+01:00,19.49
2025-11-02 23:58:15.626954+01:00,19.51
2025-11-03 00:03:15.694150+01:00,19.49
2025-11-03 00:08:15.741762+01:00,19.51
2025-11-03 00:13:15.798038+01:00,19.48
2025-11-03 00:18:15.851821+01:00,19.49
2025-11-03 00:23:15.892955+01:00,19.48
2025-11-03 00:28:15.929023+01:00,19.49
2025-11-03 00:33:15.954077+01:00,19.48
2025-11-03 00:43:16.070623+01:00,19.49
2025-11-03 00:48:16.114896+01:00,19.48
2025-11-03 00:53:16.166970+01:00,19.44
